"s1","s2","s3","s4","s5","s6","method","em","matches"
2,4,6,5,1,3,"cart",1.92080104351044,9
4,1,3,5,2,6,"cart",1.76850390434265,7
4,3,6,5,2,1,"cart",1.56283676624298,12
3,2,4,5,6,1,"cart",1.39714276790619,7
2,5,3,4,1,6,"cart",1.62868678569794,9
4,2,1,5,6,3,"cart",1.31623256206512,8
6,5,3,4,2,1,"cart",1.75348699092865,13
6,1,2,4,3,5,"cart",1.4021612405777,15
2,6,5,3,1,4,"cart",1.48829567432404,16
5,4,6,3,1,2,"cart",1.26225244998932,23
3,4,6,5,1,2,"cart",1.51002097129822,6
1,3,6,5,4,2,"cart",1.87570452690125,7
2,3,5,4,6,1,"cart",1.34921216964722,13
6,3,2,1,5,4,"cart",2.05092287063599,10
2,5,3,6,4,1,"cart",1.42010295391083,11
4,2,5,6,3,1,"cart",1.3499892950058,11
2,4,3,1,5,6,"cart",1.77724885940552,12
1,5,6,4,3,2,"cart",1.49005949497223,18
3,2,5,6,1,4,"cart",1.48705399036407,4
1,2,3,6,4,5,"cart",1.42038655281067,8
6,2,1,4,5,3,"cart",2.00569224357605,10
3,2,5,4,1,6,"cart",1.6205643415451,5
4,5,6,3,1,2,"cart",1.62850499153137,19
2,1,6,4,3,5,"cart",1.59521520137787,14
4,1,3,5,2,6,"cart",1.45752310752869,16
6,5,1,3,4,2,"cart",1.39318525791168,13
6,5,1,2,4,3,"cart",1.50435292720795,7
3,6,5,2,4,1,"cart",1.45405888557434,6
4,2,6,3,5,1,"cart",1.37155210971832,16
2,1,6,4,3,5,"cart",1.47631502151489,18
4,2,6,3,1,5,"cart",1.45929479598999,10
5,2,3,4,6,1,"cart",1.29858028888702,5
2,6,3,5,4,1,"cart",1.73671615123749,16
5,1,3,2,4,6,"cart",1.43668985366821,14
1,2,4,5,3,6,"cart",2.11823964118958,12
1,6,5,4,2,3,"cart",1.59345543384552,14
2,4,5,1,3,6,"cart",1.33497190475464,12
3,4,1,6,2,5,"cart",1.84971237182617,5
5,6,3,4,1,2,"cart",1.51254844665527,17
3,6,4,1,2,5,"cart",1.36974942684174,10
3,2,5,4,6,1,"cart",1.21411883831024,3
2,5,6,3,1,4,"cart",1.59893977642059,11
5,4,2,6,3,1,"cart",1.71459138393402,14
6,3,5,4,2,1,"cart",1.62121486663818,5
3,2,6,1,4,5,"cart",1.59171807765961,8
6,4,1,3,5,2,"cart",1.71220934391022,6
2,5,3,4,6,1,"cart",1.77870106697083,15
6,5,3,2,4,1,"cart",1.64709103107452,16
5,6,1,2,4,3,"cart",1.8774801492691,10
1,4,5,2,6,3,"cart",1.83512914180756,12
6,2,5,4,1,3,"cart",1.49889552593231,16
4,1,3,6,2,5,"cart",1.51270055770874,12
6,2,1,3,4,5,"cart",1.58951652050018,10
2,3,1,4,6,5,"cart",1.48729205131531,12
2,3,6,4,1,5,"cart",1.88959324359894,8
2,1,5,4,3,6,"cart",1.60850012302399,7
1,3,2,6,5,4,"cart",1.56178975105286,6
1,3,4,2,6,5,"cart",1.82478022575378,4
6,5,1,4,3,2,"cart",1.58063888549805,15
5,2,6,1,3,4,"cart",1.65071952342987,9
4,6,5,2,3,1,"cart",1.48460805416107,15
5,6,3,2,4,1,"cart",1.45064330101013,12
4,6,2,3,5,1,"cart",1.33115363121033,9
1,5,3,4,6,2,"cart",1.57184016704559,17
5,6,4,2,3,1,"cart",1.42222201824188,14
2,4,6,1,5,3,"cart",1.39756286144257,4
4,2,1,5,3,6,"cart",1.47645735740662,16
2,5,3,4,1,6,"cart",1.53872728347778,14
2,6,3,4,5,1,"cart",1.54298710823059,14
4,5,2,1,6,3,"cart",1.42888355255127,11
1,4,3,6,2,5,"cart",1.8244993686676,16
4,1,6,3,5,2,"cart",1.61980009078979,22
6,4,5,1,3,2,"cart",1.4881956577301,12
5,1,4,2,6,3,"cart",1.30307722091675,16
2,3,5,6,1,4,"cart",1.64712059497833,9
4,6,3,2,1,5,"cart",1.45073103904724,14
6,3,5,2,4,1,"cart",1.45306587219238,11
2,4,1,6,5,3,"cart",1.48939251899719,10
5,4,1,3,2,6,"cart",1.36747670173645,10
5,2,3,6,1,4,"cart",2.38337111473083,11
1,5,6,4,3,2,"cart",1.33999300003052,14
2,5,1,4,3,6,"cart",1.36085247993469,11
2,5,6,3,4,1,"cart",1.6451290845871,12
4,2,1,6,5,3,"cart",1.58217763900757,6
5,2,4,1,6,3,"cart",1.65324282646179,15
5,2,4,3,1,6,"cart",1.33062326908112,12
3,1,2,6,5,4,"cart",1.84506511688232,5
5,2,3,4,6,1,"cart",1.68101036548615,7
2,4,5,1,6,3,"cart",1.67800641059875,13
2,1,4,5,6,3,"cart",1.40659737586975,11
3,1,2,4,5,6,"cart",1.24506866931915,2
4,5,1,3,2,6,"cart",1.80368208885193,8
4,5,3,1,6,2,"cart",1.47131454944611,16
3,4,1,2,5,6,"cart",1.37719225883484,7
6,3,4,1,5,2,"cart",2.03727221488953,13
6,1,3,2,5,4,"cart",1.7148060798645,13
4,1,2,6,3,5,"cart",1.33737409114838,10
6,4,1,2,3,5,"cart",1.54572463035583,10
1,2,4,5,6,3,"cart",1.36256802082062,13
5,3,4,1,2,6,"cart",1.8562206029892,8
2,4,3,5,6,1,"cart",1.52534818649292,9
3,1,5,2,4,6,"cart",1.84559750556946,4
5,4,2,1,6,3,"cart",1.80711054801941,17
4,3,6,1,5,2,"cart",1.37616109848022,11
1,4,5,3,6,2,"cart",1.26529359817505,8
4,6,1,5,3,2,"cart",1.52601432800293,13
6,4,5,2,3,1,"cart",1.62337446212769,16
2,5,1,4,6,3,"cart",1.56889379024506,8
6,2,4,3,5,1,"cart",1.95513272285461,7
2,1,3,5,6,4,"cart",1.95779347419739,6
5,2,3,1,6,4,"cart",1.53719770908356,19
4,5,6,2,1,3,"cart",1.52578926086426,6
5,3,1,6,4,2,"cart",1.52284693717957,10
3,2,4,1,5,6,"cart",1.38306713104248,10
2,5,6,4,3,1,"cart",1.65302014350891,15
3,5,4,2,1,6,"cart",1.44982898235321,6
1,4,6,3,5,2,"cart",1.58481991291046,17
3,4,2,6,1,5,"cart",1.43319857120514,7
6,1,5,2,3,4,"cart",1.77958190441132,14
5,6,2,3,4,1,"cart",1.30834567546844,18
3,4,1,2,5,6,"cart",1.60194134712219,11
6,2,5,3,1,4,"cart",1.56752216815948,12
5,3,4,6,2,1,"cart",1.40257453918457,7
5,6,3,2,4,1,"cart",1.99996066093445,24
3,1,6,5,2,4,"cart",1.58297610282898,9
6,3,5,1,4,2,"cart",1.75122058391571,7
4,1,2,5,6,3,"cart",1.34982311725616,14
5,4,3,2,1,6,"cart",1.23975133895874,14
6,2,5,1,3,4,"cart",1.31924974918365,13
2,6,3,5,4,1,"cart",1.57414996623993,14
6,2,4,1,5,3,"cart",1.48818457126617,11
1,4,2,3,6,5,"cart",1.3634250164032,17
4,5,2,3,1,6,"cart",1.22672891616821,11
4,2,5,6,3,1,"cart",1.66053533554077,13
3,4,2,6,5,1,"cart",1.56304323673248,7
1,2,4,6,5,3,"cart",1.59220969676971,15
6,5,3,4,2,1,"cart",1.62503528594971,12
2,6,1,3,4,5,"cart",1.82135474681854,9
6,4,3,2,1,5,"cart",1.60963952541351,21
6,4,2,1,3,5,"cart",1.66151821613312,18
3,5,1,2,6,4,"cart",1.84102368354797,4
1,5,6,3,2,4,"cart",1.54027450084686,13
2,3,6,1,4,5,"cart",1.45259058475494,7
4,6,1,3,2,5,"cart",1.69613885879517,15
4,3,2,1,5,6,"cart",1.85467720031738,10
4,2,6,5,3,1,"cart",1.43456339836121,10
2,3,5,1,6,4,"cart",2.0936644077301,3
5,4,3,1,6,2,"cart",1.6750830411911,16
4,3,5,1,6,2,"cart",1.43467354774475,11
1,5,2,4,6,3,"cart",1.56837368011475,9
3,6,4,5,1,2,"cart",1.59773588180542,5
4,2,5,3,1,6,"cart",1.76241827011108,7
4,3,2,6,5,1,"cart",1.53781056404114,10
6,3,1,5,2,4,"cart",1.48637819290161,10
1,2,3,6,5,4,"cart",1.6928768157959,9
6,4,2,5,3,1,"cart",1.41852998733521,12
3,4,6,5,1,2,"cart",1.32598078250885,2
4,2,6,1,5,3,"cart",1.68282639980316,7
4,1,3,6,2,5,"cart",1.44462049007416,14
2,3,5,4,1,6,"cart",1.72394895553589,6
6,3,1,4,2,5,"cart",1.65256667137146,6
5,6,2,1,3,4,"cart",1.55993604660034,12
5,4,6,1,3,2,"cart",1.28515565395355,11
1,6,3,2,5,4,"cart",1.59233605861664,17
2,4,5,3,1,6,"cart",1.81173741817474,12
6,4,2,1,3,5,"cart",1.37408041954041,11
1,3,4,6,5,2,"cart",1.70556890964508,3
2,5,1,6,3,4,"cart",1.48457586765289,8
5,1,3,2,6,4,"cart",1.7978767156601,8
5,3,4,2,6,1,"cart",1.38599944114685,10
3,2,6,5,1,4,"cart",1.61416971683502,8
1,4,3,2,6,5,"cart",1.78493690490723,4
2,5,6,1,3,4,"cart",1.567178606987,11
6,2,4,3,1,5,"cart",1.40513741970062,14
6,1,5,2,3,4,"cart",1.91738450527191,14
4,1,3,2,5,6,"cart",1.43213081359863,17
4,3,1,6,2,5,"cart",1.28660380840302,7
6,5,1,3,4,2,"cart",1.51119029521942,18
4,1,5,2,6,3,"cart",1.24143886566162,17
2,6,5,3,1,4,"cart",1.68008589744568,17
4,2,6,1,5,3,"cart",1.69750022888184,15
5,3,2,1,6,4,"cart",1.4931036233902,12
3,4,2,5,1,6,"cart",1.93919157981873,8
3,1,5,4,6,2,"cart",1.316690325737,5
1,6,5,4,2,3,"cart",1.69091057777405,12
2,3,6,4,5,1,"cart",1.35289096832275,5
2,6,5,4,3,1,"cart",1.3751072883606,17
6,3,1,5,4,2,"cart",1.56131827831268,8
3,4,1,5,2,6,"cart",1.49313604831696,4
3,4,5,1,6,2,"cart",1.47649252414703,6
4,5,2,1,3,6,"cart",1.41668117046356,17
5,6,2,1,4,3,"cart",1.45381343364716,15
6,5,3,2,4,1,"cart",1.63456082344055,14
5,4,1,2,3,6,"cart",1.39778876304626,15
6,3,4,2,5,1,"cart",1.48727715015411,15
4,1,6,3,5,2,"cart",1.71882665157318,11
5,6,2,4,3,1,"cart",1.51845240592957,8
5,3,2,6,1,4,"cart",1.52989375591278,11
1,2,4,5,3,6,"cart",1.37140393257141,9
6,4,5,3,1,2,"cart",1.67493331432343,18
1,2,3,4,6,5,"cart",1.57493281364441,12
2,4,1,3,6,5,"cart",1.39860332012177,10
6,5,1,2,3,4,"cart",1.30569744110107,21
3,6,5,4,1,2,"cart",1.3847953081131,4
6,4,3,2,5,1,"cart",1.71711897850037,19
3,5,4,2,6,1,"cart",1.3316558599472,6
2,4,3,1,5,6,"cart",1.37716221809387,9
2,1,4,6,3,5,"cart",1.47299087047577,7
2,5,3,4,1,6,"cart",1.3834890127182,18
4,5,2,1,6,3,"cart",1.48490476608276,8
5,2,4,6,1,3,"cart",1.55657911300659,13
1,2,6,4,5,3,"cart",1.52921915054321,9
6,1,3,4,2,5,"cart",1.30940675735474,8
6,2,1,4,3,5,"cart",2.05939984321594,9
3,6,5,4,2,1,"cart",1.42088854312897,10
5,1,3,4,6,2,"cart",1.57739818096161,9
1,4,5,3,2,6,"cart",1.50242102146149,13
6,3,2,1,5,4,"cart",1.84680533409119,8
1,5,6,4,3,2,"cart",1.35731911659241,18
1,2,6,3,4,5,"cart",1.7412885427475,13
1,4,5,2,3,6,"cart",1.52915573120117,15
2,4,1,3,6,5,"cart",1.51873934268951,12
1,2,3,5,6,4,"cart",1.49169707298279,9
1,6,2,3,4,5,"cart",1.43797886371613,11
3,4,6,5,2,1,"cart",1.64411735534668,7
4,1,5,3,2,6,"cart",1.5450005531311,8
4,5,3,6,1,2,"cart",1.38702499866486,21
2,3,6,1,5,4,"cart",1.40835809707642,11
4,5,6,1,2,3,"cart",1.59303665161133,13
6,2,4,1,5,3,"cart",1.56676697731018,17
2,6,1,3,5,4,"cart",1.53512072563171,11
6,1,4,5,2,3,"cart",1.31192624568939,21
1,2,6,5,4,3,"cart",1.46373963356018,17
4,5,1,6,2,3,"cart",1.56295883655548,9
5,4,2,6,1,3,"cart",1.57887768745422,13
5,4,3,6,1,2,"cart",1.25371658802032,17
2,5,6,4,1,3,"cart",1.53917610645294,15
5,6,3,4,1,2,"cart",1.4531991481781,18
1,2,4,6,5,3,"cart",1.75878393650055,11
5,1,2,6,4,3,"cart",1.55129611492157,7
1,2,5,4,3,6,"cart",1.38295006752014,16
2,1,6,5,4,3,"cart",1.63403332233429,18
6,5,4,2,1,3,"cart",1.52201998233795,16
5,1,6,3,2,4,"cart",1.30863177776337,22
1,3,5,6,2,4,"cart",1.35721230506897,9
5,4,3,1,2,6,"cart",1.53532934188843,23
4,1,3,6,2,5,"cart",1.34408044815063,15
3,1,4,5,2,6,"cart",1.54188585281372,8
5,4,2,6,1,3,"cart",1.24895906448364,15
1,3,4,6,2,5,"cart",1.36403501033783,1
4,3,1,5,6,2,"cart",1.66090941429138,11
4,2,1,5,6,3,"cart",1.50990986824036,16
6,4,1,2,5,3,"cart",1.37607669830322,5
4,6,5,3,1,2,"cart",2.12064170837402,10
5,2,3,1,4,6,"cart",1.53168785572052,16
6,2,3,1,5,4,"cart",1.44103181362152,16
2,4,3,1,5,6,"cart",1.50604426860809,18
3,4,2,5,1,6,"cart",1.91472601890564,4
5,1,2,3,4,6,"cart",1.46401345729828,10
5,3,2,6,1,4,"cart",1.45878732204437,11
3,5,6,4,2,1,"cart",1.65034770965576,4
2,6,4,1,5,3,"cart",1.50808489322662,11
3,6,1,2,4,5,"cart",1.77821445465088,9
4,1,3,2,6,5,"cart",1.59783506393433,16
4,1,2,5,3,6,"cart",1.50046586990356,6
1,2,5,4,6,3,"cart",1.39680135250092,8
4,2,6,1,3,5,"cart",1.79125726222992,12
2,1,3,5,6,4,"cart",1.70682728290558,12
3,4,5,6,2,1,"cart",1.56733596324921,8
5,6,4,2,1,3,"cart",1.42206609249115,14
2,3,1,5,4,6,"cart",1.66827738285065,5
3,6,2,4,1,5,"cart",2.02272343635559,8
4,1,6,2,5,3,"cart",1.45283508300781,14
4,6,3,1,2,5,"cart",1.48203837871552,10
3,1,5,4,2,6,"cart",1.50853371620178,2
6,3,4,1,5,2,"cart",1.50382661819458,4
6,1,3,4,2,5,"cart",1.94393754005432,13
6,2,4,1,3,5,"cart",1.4824732542038,9
1,2,3,6,5,4,"cart",1.64952683448792,17
5,3,2,4,1,6,"cart",1.57835149765015,11
5,6,3,4,2,1,"cart",1.41068625450134,19
5,6,2,3,1,4,"cart",1.43762648105621,13
2,5,6,4,3,1,"cart",1.67891311645508,8
5,2,4,6,1,3,"cart",1.50701379776001,15
1,6,4,3,5,2,"cart",1.35389041900635,15
1,6,3,2,4,5,"cart",1.63055062294006,10
1,2,5,3,6,4,"cart",1.81812953948975,17
4,3,6,2,5,1,"cart",1.49322652816772,8
3,5,4,6,1,2,"cart",1.87127935886383,9
2,5,3,1,6,4,"cart",1.75335228443146,9
4,5,6,3,2,1,"cart",1.72688090801239,16
2,4,1,3,5,6,"cart",1.61486756801605,14
6,4,1,3,5,2,"cart",1.90838158130646,13
6,4,5,2,1,3,"cart",1.32619154453278,16
3,4,1,5,6,2,"cart",1.40770375728607,9
5,2,6,3,1,4,"cart",1.63060474395752,18
1,3,6,2,5,4,"cart",1.3800972700119,1
1,2,6,5,4,3,"cart",1.33302009105682,8
6,1,3,2,4,5,"cart",1.5339822769165,13
1,5,2,3,4,6,"cart",1.52513861656189,8
2,5,1,3,4,6,"cart",1.60692203044891,14
1,2,5,4,3,6,"cart",1.48178243637085,13
1,2,5,4,6,3,"cart",1.46884047985077,13
1,6,4,5,3,2,"cart",1.31109714508057,14
6,5,2,3,1,4,"cart",1.76824676990509,16
2,3,6,5,1,4,"cart",1.3761180639267,8
1,5,4,2,3,6,"cart",1.61280584335327,17
6,3,5,4,1,2,"cart",1.46836292743683,10
6,4,1,5,2,3,"cart",1.95920860767365,8
4,1,3,6,5,2,"cart",1.83919513225555,9
6,2,4,1,3,5,"cart",1.65616381168365,16
3,4,2,5,6,1,"cart",1.39817237854004,5
6,3,5,1,2,4,"cart",1.70642030239105,11
6,2,4,3,1,5,"cart",1.52950179576874,13
5,1,4,6,3,2,"cart",1.68842136859894,14
4,3,5,6,2,1,"cart",1.69414138793945,12
5,3,1,6,2,4,"cart",1.60419201850891,10
3,6,2,4,1,5,"cart",2.11998176574707,3
4,5,6,2,3,1,"cart",1.38916492462158,16
2,1,5,3,4,6,"cart",1.56219458580017,10
6,2,4,3,5,1,"cart",1.35444533824921,9
1,2,5,3,4,6,"cart",1.46615469455719,13
5,2,4,1,3,6,"cart",1.54999816417694,11
3,4,5,1,2,6,"cart",1.50027287006378,7
4,6,1,5,2,3,"cart",1.29834425449371,15
5,1,2,6,4,3,"cart",1.76026320457458,9
4,5,1,6,3,2,"cart",1.65556204319,13
1,5,2,4,3,6,"cart",1.39075410366058,14
1,2,4,3,6,5,"cart",1.64485704898834,10
2,5,3,4,6,1,"cart",1.43993973731995,16
4,3,2,5,1,6,"cart",1.25188636779785,12
4,1,2,3,5,6,"cart",1.78986191749573,9
5,2,1,4,6,3,"cart",1.38084888458252,14
5,4,1,3,6,2,"cart",1.90478849411011,12
2,4,3,1,6,5,"cart",1.76619720458984,10
2,5,4,3,6,1,"cart",1.4368302822113,11
3,2,6,1,5,4,"cart",1.41356313228607,5
4,2,1,3,6,5,"cart",1.4383841753006,13
5,6,2,1,3,4,"cart",1.76169943809509,12
5,1,2,4,3,6,"cart",1.79282259941101,16
4,6,2,1,5,3,"cart",1.52415752410889,23
6,2,4,5,1,3,"cart",1.45799231529236,15
3,6,4,5,1,2,"cart",1.43486142158508,7
4,3,5,1,2,6,"cart",1.91075932979584,12
5,2,4,3,1,6,"cart",1.33187913894653,10
4,1,3,2,5,6,"cart",1.45615267753601,15
6,5,1,2,4,3,"cart",1.50945961475372,13
3,2,6,5,1,4,"cart",1.54038953781128,9
4,5,3,2,6,1,"cart",1.42049670219421,15
2,4,6,3,5,1,"cart",1.40465879440308,10
3,6,1,2,5,4,"cart",1.56961238384247,4
5,4,6,1,2,3,"cart",1.69403469562531,16
2,1,4,6,5,3,"cart",1.8656462430954,10
2,1,6,4,3,5,"cart",1.69926989078522,18
4,2,6,5,1,3,"cart",1.34339213371277,14
6,5,1,4,3,2,"cart",1.65560126304626,12
5,2,3,4,1,6,"cart",1.4753166437149,19
4,5,3,1,2,6,"cart",1.27261304855347,18
5,3,6,1,2,4,"cart",1.38128900527954,12
3,4,6,5,2,1,"cart",1.53557050228119,5
5,1,4,6,3,2,"cart",1.49882316589355,9
5,2,1,6,3,4,"cart",1.43748569488525,9
2,3,4,1,5,6,"cart",1.8844313621521,7
3,1,2,4,6,5,"cart",1.38142561912537,5
4,5,3,2,1,6,"cart",1.39140737056732,19
2,1,4,3,5,6,"cart",1.40910375118256,7
2,6,3,4,1,5,"cart",1.34873187541962,20
5,2,1,4,3,6,"cart",1.52692663669586,15
6,4,1,5,3,2,"cart",1.57570338249207,9
4,6,1,3,2,5,"cart",1.39066421985626,17
1,3,6,2,4,5,"cart",1.73317265510559,1
1,6,4,2,3,5,"cart",1.37662088871002,6
1,3,4,5,2,6,"cart",1.7515652179718,5
1,2,6,4,3,5,"cart",1.4647331237793,12
3,5,6,1,2,4,"cart",1.55660128593445,7
5,1,6,3,2,4,"cart",1.319739818573,13
3,1,2,5,4,6,"cart",1.57528245449066,3
4,1,5,3,6,2,"cart",1.46828901767731,12
2,1,4,5,3,6,"cart",1.30250096321106,8
1,4,2,3,5,6,"cart",1.35305297374725,12
5,3,4,1,6,2,"cart",1.71350872516632,9
3,2,1,5,6,4,"cart",1.68423330783844,4
2,3,1,5,6,4,"cart",1.46490061283112,7
2,3,1,5,4,6,"cart",2.02658033370972,11
4,1,6,2,3,5,"cart",1.73773205280304,12
3,6,5,2,1,4,"cart",1.70220589637756,6
4,1,3,2,6,5,"cart",1.43897998332977,4
5,6,1,3,4,2,"cart",2.08737516403198,18
6,3,1,5,4,2,"cart",1.82800579071045,11
6,4,3,5,1,2,"cart",1.37534701824188,15
4,3,6,1,2,5,"cart",1.54085910320282,11
4,6,5,3,2,1,"cart",2.69043207168579,14
5,1,4,2,6,3,"cart",1.59843492507935,14
4,6,1,2,5,3,"cart",1.3621574640274,15
2,1,3,5,4,6,"cart",1.4603077173233,12
4,6,2,1,5,3,"cart",1.537393450737,12
3,6,4,1,2,5,"cart",1.65377974510193,5
6,2,4,5,1,3,"cart",1.81958067417145,17
1,6,2,3,5,4,"cart",1.48688042163849,21
3,1,6,2,4,5,"cart",1.64221823215485,4
2,1,5,4,6,3,"cart",1.30939400196075,13
5,6,1,4,2,3,"cart",1.70264494419098,7
1,3,6,5,4,2,"cart",1.82444846630096,3
1,3,5,6,4,2,"cart",1.44618284702301,7
6,5,2,4,1,3,"cart",1.77661526203156,13
5,1,4,3,6,2,"cart",1.53383111953735,11
2,3,4,1,6,5,"cart",1.97964835166931,4
1,4,3,6,2,5,"cart",1.63515496253967,16
4,2,5,6,3,1,"cart",1.62863671779633,10
6,4,3,2,1,5,"cart",1.92339265346527,17
3,1,2,4,5,6,"cart",1.3521636724472,5
3,4,6,2,5,1,"cart",1.31849575042725,6
4,2,1,3,5,6,"cart",1.68733394145966,6
1,5,3,2,6,4,"cart",1.37961661815643,16
3,5,6,1,2,4,"cart",1.43383920192719,6
3,4,2,6,1,5,"cart",1.91904938220978,8
6,1,5,3,2,4,"cart",1.39560949802399,16
3,4,2,1,5,6,"cart",1.3221400976181,7
3,5,1,6,2,4,"cart",1.63021111488342,4
3,5,2,1,4,6,"cart",1.434246301651,2
1,5,2,3,4,6,"cart",1.45810425281525,10
1,2,6,4,3,5,"cart",1.42531180381775,16
3,2,4,1,6,5,"cart",1.45272934436798,3
3,2,4,6,5,1,"cart",2.11098074913025,6
2,4,3,5,1,6,"cart",1.474161028862,14
2,1,5,4,3,6,"cart",1.47045183181763,7
1,6,3,5,4,2,"cart",1.87951517105103,12
2,6,1,3,5,4,"cart",1.45795094966888,14
6,4,5,1,2,3,"cart",1.61603987216949,10
3,4,6,1,2,5,"cart",2.22564220428467,4
1,2,5,4,6,3,"cart",1.3297506570816,8
3,4,6,5,2,1,"cart",1.47925639152527,8
5,6,4,1,3,2,"cart",1.47234714031219,10
2,6,1,5,3,4,"cart",1.79063129425049,9
3,5,6,2,1,4,"cart",1.44389569759369,6
1,3,6,2,5,4,"cart",1.70191359519958,7
1,3,4,6,2,5,"cart",1.320796251297,5
3,6,2,1,4,5,"cart",1.72686851024628,6
3,1,5,2,6,4,"cart",1.54596281051636,6
4,6,1,5,3,2,"cart",1.53484404087067,17
6,2,5,1,4,3,"cart",1.31990885734558,11
4,1,6,2,3,5,"cart",1.97093522548676,15
5,3,2,4,6,1,"cart",1.48791801929474,13
4,3,1,6,2,5,"cart",1.50945043563843,8
5,2,1,3,6,4,"cart",1.51607382297516,12
4,6,5,1,2,3,"cart",1.22409129142761,16
5,6,4,3,2,1,"cart",1.9062192440033,16
3,4,5,6,1,2,"cart",1.41132950782776,12
4,6,1,3,2,5,"cart",1.80810832977295,18
6,1,5,4,3,2,"cart",1.80808353424072,8
4,6,1,5,2,3,"cart",1.41396200656891,10
6,1,3,5,4,2,"cart",1.61398899555206,9
1,6,3,5,2,4,"cart",1.71904802322388,14
6,1,3,4,5,2,"cart",1.4266003370285,6
5,4,2,1,6,3,"cart",1.3376100063324,23
4,3,1,6,5,2,"cart",1.38606679439545,11
4,3,1,2,5,6,"cart",1.60118222236633,12
1,3,6,2,4,5,"cart",1.84183585643768,1
1,2,4,6,3,5,"cart",1.42742276191711,15
2,4,1,5,6,3,"cart",1.31267738342285,11
1,3,4,5,6,2,"cart",1.66808676719666,8
3,5,4,6,2,1,"cart",1.98070573806763,5
5,4,1,3,2,6,"cart",1.69004642963409,14
6,1,5,3,4,2,"cart",1.50334882736206,20
4,6,1,3,5,2,"cart",1.72035801410675,23
5,3,6,4,2,1,"cart",1.36915874481201,12
6,3,2,1,4,5,"cart",1.36972415447235,13
5,4,3,6,2,1,"cart",1.33778142929077,17
3,5,6,2,4,1,"cart",1.45433783531189,5
5,3,2,1,4,6,"cart",1.42819368839264,9
4,5,2,3,1,6,"cart",1.38689732551575,10
1,3,6,2,5,4,"cart",1.54297590255737,4
1,5,2,6,3,4,"cart",1.88567876815796,11
2,5,1,3,6,4,"cart",1.56526839733124,11
4,5,1,6,3,2,"cart",1.59644079208374,12
6,2,5,4,3,1,"cart",1.59151148796082,12
4,6,1,2,3,5,"cart",1.47963047027588,10
3,4,5,2,1,6,"cart",1.56229245662689,4
2,6,1,4,3,5,"cart",1.80375862121582,17
3,4,6,2,1,5,"cart",1.99073886871338,6
6,5,2,4,3,1,"cart",1.48770880699158,15
2,6,1,4,5,3,"cart",1.69862401485443,12
3,5,6,1,2,4,"cart",1.5443389415741,3
1,5,2,4,6,3,"cart",1.41337525844574,17
6,4,2,5,1,3,"cart",1.95309007167816,4
1,5,2,3,4,6,"cart",1.48346710205078,19
4,5,1,2,6,3,"cart",1.38030064105988,16
1,4,2,5,6,3,"cart",1.44512796401978,12
4,6,2,1,5,3,"cart",1.4157612323761,17
3,6,1,4,2,5,"cart",1.388432264328,3
5,6,1,4,2,3,"cart",1.52968418598175,7
3,6,5,1,2,4,"cart",1.45040619373322,3
4,2,3,5,1,6,"cart",1.26306569576263,10
3,2,1,4,6,5,"cart",1.55614697933197,4
2,5,1,4,6,3,"cart",1.53985464572906,10
5,3,6,2,4,1,"cart",2.06584787368774,18
2,4,6,3,5,1,"cart",1.86161530017853,11
6,4,1,5,2,3,"cart",1.60106599330902,12
6,2,5,4,3,1,"cart",1.68854749202728,11
1,3,2,6,4,5,"cart",1.42510545253754,4
3,5,1,2,6,4,"cart",1.94644820690155,8
1,3,5,6,4,2,"cart",1.38140439987183,10
4,2,5,6,1,3,"cart",1.29156339168549,4
6,5,3,4,1,2,"cart",1.57255554199219,18
5,6,2,4,1,3,"cart",1.35522198677063,11
5,3,2,4,6,1,"cart",1.45953369140625,12
2,1,4,3,5,6,"cart",1.53514063358307,14
6,3,1,2,5,4,"cart",1.55530345439911,6
2,3,1,6,4,5,"cart",1.29845416545868,7
6,3,2,5,1,4,"cart",1.6231917142868,8
5,6,1,3,4,2,"cart",2.15766167640686,14
4,6,5,2,1,3,"cart",1.54197418689728,9
5,3,2,1,6,4,"cart",1.5167270898819,7
6,4,5,3,1,2,"cart",1.90270256996155,20
5,3,1,2,4,6,"cart",1.68090772628784,14
4,1,2,3,5,6,"cart",1.68195879459381,13
1,4,5,6,2,3,"cart",1.58549582958221,14
3,2,5,1,4,6,"cart",1.62459826469421,6
5,4,2,3,6,1,"cart",1.38478362560272,14
5,2,1,3,4,6,"cart",1.31419813632965,16
2,5,3,1,4,6,"cart",1.55940365791321,9
6,1,5,3,2,4,"cart",1.49241614341736,18
3,4,6,2,5,1,"cart",1.4330792427063,3
2,6,3,4,1,5,"cart",1.41245090961456,14
6,4,3,1,5,2,"cart",1.84931647777557,20
3,5,1,6,2,4,"cart",1.85029792785645,4
5,4,1,3,6,2,"cart",1.31984865665436,11
2,3,4,5,1,6,"cart",1.33459389209747,5
2,1,4,3,6,5,"cart",1.48513948917389,19
6,2,1,3,4,5,"cart",1.35409331321716,15
3,4,5,6,1,2,"cart",1.30260717868805,1
2,4,6,1,3,5,"cart",1.60765159130096,10
1,4,3,5,2,6,"cart",1.36503052711487,8
5,4,6,3,1,2,"cart",1.36334717273712,11
3,5,4,2,6,1,"cart",1.60529744625092,9
2,6,1,4,3,5,"cart",1.51477861404419,10
1,4,6,5,2,3,"cart",1.41800701618195,15
6,4,5,3,2,1,"cart",1.33509480953217,21
4,3,1,2,6,5,"cart",1.38766419887543,13
1,2,5,6,4,3,"cart",1.41548991203308,13
1,5,4,6,2,3,"cart",1.46760177612305,10
6,1,3,5,4,2,"cart",1.37159514427185,9
3,6,5,4,2,1,"cart",1.59778153896332,7
6,1,2,5,4,3,"cart",1.68558442592621,12
6,3,2,4,5,1,"cart",1.62089943885803,7
1,3,6,5,2,4,"cart",1.380854845047,5
4,3,6,5,1,2,"cart",1.42945551872253,12
4,2,3,1,6,5,"cart",1.47168529033661,6
4,2,5,3,6,1,"cart",2.01364517211914,11
5,4,3,6,1,2,"cart",1.28168559074402,16
6,5,3,1,4,2,"cart",1.55756390094757,23
6,1,4,5,3,2,"cart",1.83184623718262,13
4,1,2,5,6,3,"cart",1.65625596046448,10
1,5,6,2,4,3,"cart",1.38636922836304,11
6,2,1,3,5,4,"cart",1.5236691236496,12
2,1,4,6,3,5,"cart",1.3919540643692,16
4,5,2,3,1,6,"cart",1.37228560447693,11
3,6,4,2,1,5,"cart",1.35893785953522,8
1,3,2,6,5,4,"cart",1.4799884557724,2
1,5,2,3,6,4,"cart",1.5425888299942,10
1,5,6,3,4,2,"cart",1.73914813995361,14
6,5,2,1,4,3,"cart",1.46518981456757,9
4,1,5,6,2,3,"cart",1.68806779384613,15
5,6,1,4,2,3,"cart",1.53524208068848,8
4,1,5,6,3,2,"cart",1.89983117580414,13
1,2,4,5,6,3,"cart",1.63182163238525,9
4,5,1,3,2,6,"cart",1.41012370586395,14
6,4,3,5,2,1,"cart",1.60296356678009,19
3,1,6,4,2,5,"cart",1.59321427345276,6
2,5,4,1,6,3,"cart",1.37243807315826,7
5,2,6,1,3,4,"cart",1.29894888401031,12
5,3,4,6,2,1,"cart",1.30102610588074,12
2,3,6,4,1,5,"cart",1.6010502576828,8
1,2,5,4,3,6,"cart",1.45969521999359,13
4,1,5,2,3,6,"cart",1.40548372268677,18
5,2,6,1,4,3,"cart",1.66414773464203,12
1,6,2,5,3,4,"cart",1.86831915378571,9
3,2,6,5,4,1,"cart",1.44550120830536,4
3,5,2,4,6,1,"cart",1.54488968849182,2
1,4,6,3,2,5,"cart",1.62140691280365,13
1,5,4,2,3,6,"cart",1.2826087474823,12
1,4,5,3,2,6,"cart",1.52820575237274,17
1,6,2,4,5,3,"cart",1.3993923664093,10
4,3,5,1,2,6,"cart",1.63688516616821,9
3,6,1,4,5,2,"cart",1.74347901344299,9
6,2,5,4,1,3,"cart",1.61100423336029,13
5,1,4,3,2,6,"cart",1.32796275615692,10
4,5,3,1,6,2,"cart",1.59687757492065,12
3,1,2,4,6,5,"cart",1.82093000411987,3
1,6,2,3,5,4,"cart",1.72086381912231,17
2,4,1,3,5,6,"cart",1.67411851882935,17
6,1,5,3,4,2,"cart",1.44842708110809,12
2,4,3,6,5,1,"cart",2.03159737586975,14
6,5,4,3,2,1,"cart",1.40232717990875,15
4,3,6,1,2,5,"cart",1.37486171722412,12
6,5,1,4,2,3,"cart",1.61554026603699,10
2,6,5,1,3,4,"cart",1.34976398944855,17
2,1,4,5,3,6,"cart",1.39388787746429,12
1,3,2,4,6,5,"cart",1.56980204582214,1
3,6,2,4,5,1,"cart",1.5529465675354,8
2,3,4,6,5,1,"cart",2.06536316871643,9
5,1,4,3,6,2,"cart",1.47423648834229,17
4,5,6,3,2,1,"cart",1.36572623252869,9
6,3,5,1,4,2,"cart",1.44156062602997,6
6,2,3,5,1,4,"cart",1.43604946136475,16
5,4,6,1,2,3,"cart",1.3680591583252,7
6,2,4,5,3,1,"cart",1.41140699386597,17
3,1,2,6,4,5,"cart",1.4751592874527,5
6,5,4,1,3,2,"cart",1.61016309261322,12
4,6,1,5,3,2,"cart",1.70106649398804,10
4,5,1,6,3,2,"cart",1.52801513671875,10
5,6,4,2,1,3,"cart",1.71831095218658,17
1,5,2,6,4,3,"cart",1.73304831981659,8
3,1,6,2,5,4,"cart",1.38461363315582,8
1,2,3,4,5,6,"cart",1.33845818042755,11
5,1,2,4,6,3,"cart",1.70572423934937,12
1,2,5,6,4,3,"cart",1.74257922172546,14
6,4,1,3,2,5,"cart",1.94577300548553,9
4,5,3,2,6,1,"cart",1.41215944290161,17
3,6,2,1,4,5,"cart",1.43876528739929,4
5,2,6,1,4,3,"cart",1.72610783576965,14
2,6,4,5,3,1,"cart",1.59436941146851,16
5,6,4,1,2,3,"cart",1.63496875762939,13
1,3,4,6,2,5,"cart",1.67014706134796,4
2,3,1,6,5,4,"cart",1.4675498008728,11
5,4,3,1,6,2,"cart",1.45636427402496,12
1,6,5,2,3,4,"cart",1.37382125854492,10
4,6,2,5,1,3,"cart",1.86470854282379,13
2,3,4,5,6,1,"cart",1.38012337684631,3
3,4,2,6,5,1,"cart",1.51843535900116,7
1,4,5,6,3,2,"cart",1.4989241361618,8
2,1,6,3,5,4,"cart",1.4201021194458,10
6,5,2,1,3,4,"cart",1.62419641017914,13
3,1,5,6,4,2,"cart",1.47750520706177,7
1,3,2,5,6,4,"cart",1.64565658569336,3
6,5,2,4,1,3,"cart",1.65429544448853,14
3,5,2,4,6,1,"cart",1.34828746318817,5
4,1,6,2,3,5,"cart",1.35099792480469,12
5,2,4,3,6,1,"cart",1.29404962062836,16
6,3,1,4,2,5,"cart",1.50044047832489,11
4,5,1,2,3,6,"cart",1.4439845085144,12
3,6,2,1,4,5,"cart",1.42456614971161,12
4,3,6,2,5,1,"cart",1.46946322917938,16
5,3,1,4,2,6,"cart",1.26172435283661,11
2,6,5,1,4,3,"cart",1.48516535758972,16
1,3,6,4,2,5,"cart",1.41187751293182,2
3,1,5,2,6,4,"cart",1.33276844024658,6
3,4,5,6,2,1,"cart",1.52228355407715,7
3,2,5,1,6,4,"cart",1.62178659439087,8
1,4,6,3,2,5,"cart",1.40995299816132,12
2,6,4,5,1,3,"cart",1.73126697540283,12
5,4,1,2,6,3,"cart",1.30298590660095,10
2,6,4,5,3,1,"cart",1.43401324748993,14
3,2,6,1,5,4,"cart",1.62705147266388,4
1,5,4,6,3,2,"cart",1.36185622215271,12
6,1,5,3,4,2,"cart",1.59640085697174,11
3,5,4,1,2,6,"cart",1.65347194671631,9
6,2,4,1,3,5,"cart",1.46720278263092,15
4,2,3,1,5,6,"cart",1.27969491481781,16
2,1,5,6,4,3,"cart",1.78304934501648,9
6,2,5,3,1,4,"cart",1.45060658454895,18
2,1,3,6,5,4,"cart",1.42542946338654,12
2,6,3,1,5,4,"cart",1.51396751403809,13
1,3,2,4,5,6,"cart",1.29227101802826,7
1,5,3,4,2,6,"cart",1.44272291660309,14
3,5,2,6,1,4,"cart",1.55073261260986,8
4,5,1,3,6,2,"cart",1.26503098011017,18
6,3,5,2,1,4,"cart",1.43966627120972,9
1,4,3,2,5,6,"cart",1.52928519248962,16
1,2,6,4,3,5,"cart",1.57394957542419,13
2,3,1,4,5,6,"cart",1.81210470199585,15
6,1,4,3,5,2,"cart",1.72281670570374,15
3,6,1,5,4,2,"cart",1.42000460624695,5
6,4,2,3,5,1,"cart",1.6272337436676,12
3,2,1,6,4,5,"cart",1.46451056003571,5
1,2,3,5,6,4,"cart",1.7814085483551,16
3,6,1,5,4,2,"cart",1.50634586811066,9
5,4,1,3,6,2,"cart",1.3976616859436,17
3,1,2,6,5,4,"cart",1.38089764118195,6
2,1,4,6,3,5,"cart",1.54843175411224,13
6,5,4,3,1,2,"cart",1.36151802539825,14
5,4,6,2,1,3,"cart",1.36425542831421,13
3,6,1,5,2,4,"cart",2.02402687072754,6
2,4,1,5,3,6,"cart",1.37849962711334,14
3,1,5,6,2,4,"cart",1.41416013240814,2
1,6,2,4,3,5,"cart",1.48556792736053,11
3,4,2,6,1,5,"cart",1.94445466995239,5
1,5,2,6,3,4,"cart",1.72635412216187,13
5,4,1,6,3,2,"cart",1.53163909912109,7
3,4,6,2,5,1,"cart",1.28355658054352,3
6,1,2,5,4,3,"cart",1.52478897571564,9
3,4,1,6,2,5,"cart",1.46622514724731,5
3,6,5,4,1,2,"cart",1.54432463645935,6
5,1,4,2,3,6,"cart",1.59913849830627,20
1,2,5,3,4,6,"cart",2.06320381164551,13
4,2,1,6,3,5,"cart",1.51616048812866,8
2,5,3,6,1,4,"cart",1.45845127105713,9
5,6,1,3,2,4,"cart",1.45331072807312,15
3,4,1,5,2,6,"cart",1.74493288993835,2
3,5,6,2,4,1,"cart",1.92911970615387,4
4,1,5,2,6,3,"cart",1.54835855960846,19
1,5,4,2,3,6,"cart",1.21225559711456,15
5,4,2,1,3,6,"cart",1.1812504529953,17
6,4,3,2,5,1,"cart",1.7907235622406,16
3,6,2,1,5,4,"cart",1.51367402076721,5
1,6,5,3,2,4,"cart",1.51210808753967,11
4,3,2,6,1,5,"cart",1.45840930938721,9
5,1,3,2,6,4,"cart",1.58648574352264,10
5,4,2,3,1,6,"cart",1.52359807491302,15
5,2,1,6,3,4,"cart",1.63539743423462,9
3,1,6,2,5,4,"cart",1.50778043270111,3
2,3,6,4,5,1,"cart",1.61937391757965,10
3,6,4,5,2,1,"cart",1.73255753517151,11
6,2,4,1,5,3,"cart",1.56957149505615,12
1,2,3,5,4,6,"cart",1.58362257480621,6
6,1,3,2,4,5,"cart",1.75819218158722,10
1,6,4,2,5,3,"cart",1.645956158638,10
4,1,5,2,3,6,"cart",1.33953273296356,14
2,1,5,6,3,4,"cart",1.89850258827209,17
2,5,3,1,4,6,"cart",1.47990143299103,17
3,2,6,4,5,1,"cart",1.5802857875824,3
3,4,2,1,5,6,"cart",1.58467233181,4
2,3,6,1,5,4,"cart",1.55773746967316,7
4,5,2,6,1,3,"cart",1.26328778266907,8
5,4,1,2,3,6,"cart",1.29135274887085,16
4,2,1,3,6,5,"cart",1.94573616981506,12
5,6,2,4,1,3,"cart",1.51829862594604,11
5,2,3,6,4,1,"cart",1.75771391391754,13
4,2,3,5,6,1,"cart",1.75211048126221,11
4,2,3,1,6,5,"cart",1.49599373340607,7
4,3,2,1,6,5,"cart",1.48998808860779,4
4,2,6,5,3,1,"cart",1.41520392894745,5
4,3,2,1,5,6,"cart",1.46633982658386,5
3,2,5,4,6,1,"cart",1.81392347812653,7
6,4,2,5,1,3,"cart",1.63579034805298,10
5,4,3,2,6,1,"cart",1.27903580665588,22
3,4,2,5,6,1,"cart",1.73889398574829,5
4,2,6,3,1,5,"cart",1.34063458442688,16
5,3,1,6,4,2,"cart",1.8084853887558,11
2,4,6,1,3,5,"cart",1.34170269966125,8
5,2,6,4,1,3,"cart",1.48500537872314,12
1,3,2,4,5,6,"cart",1.37460875511169,6
1,5,3,4,6,2,"cart",1.63524103164673,19
5,6,4,1,3,2,"cart",1.49163520336151,10
5,6,4,3,2,1,"cart",1.5364363193512,21
6,5,2,1,3,4,"cart",1.42749953269958,11
3,1,4,6,2,5,"cart",1.54376137256622,4
3,1,4,6,2,5,"cart",1.43004202842712,5
2,5,6,3,4,1,"cart",1.37753450870514,15
1,3,6,5,2,4,"cart",1.47496259212494,4
4,6,3,2,5,1,"cart",1.53421688079834,22
2,3,6,4,5,1,"cart",1.41526579856873,8
3,5,6,1,4,2,"cart",1.58493888378143,4
4,6,2,3,5,1,"cart",1.2931512594223,15
4,3,5,6,2,1,"cart",1.41513824462891,11
1,3,2,6,4,5,"cart",1.26007699966431,2
4,3,1,5,2,6,"cart",1.80512642860413,9
6,3,1,5,2,4,"cart",1.74245071411133,12
2,5,3,6,4,1,"cart",1.47282373905182,18
3,4,2,1,6,5,"cart",1.53132224082947,7
2,1,3,6,4,5,"cart",1.55505681037903,11
6,3,4,5,2,1,"cart",1.60845708847046,8
5,4,2,3,1,6,"cart",1.54722225666046,12
4,3,1,2,6,5,"cart",1.61338639259338,9
4,2,5,1,6,3,"cart",1.38364386558533,14
2,4,3,1,6,5,"cart",1.45328915119171,19
1,5,2,6,3,4,"cart",1.62234616279602,9
1,4,5,3,6,2,"cart",1.80882668495178,16
2,5,1,4,3,6,"cart",1.33800399303436,17
5,2,3,6,4,1,"cart",1.90382134914398,9
2,4,5,1,6,3,"cart",1.49100565910339,14
4,3,1,2,6,5,"cart",1.31931018829346,12
5,2,3,1,4,6,"cart",1.26687824726105,10
1,4,6,2,3,5,"cart",1.32777547836304,12
2,6,4,5,1,3,"cart",1.762242436409,16
4,3,1,2,5,6,"cart",1.54878115653992,5
5,2,3,1,6,4,"cart",1.35277843475342,10
5,3,2,4,1,6,"cart",1.38535118103027,13
1,4,6,2,3,5,"cart",1.33843111991882,13
3,5,6,4,1,2,"cart",1.41608643531799,8
2,4,6,5,3,1,"cart",1.3798816204071,10
5,1,3,4,2,6,"cart",1.37936151027679,4
3,5,1,4,6,2,"cart",1.45689976215363,4
5,6,4,3,1,2,"cart",1.48103153705597,17
6,3,5,1,4,2,"cart",1.46696019172668,14
3,6,1,5,2,4,"cart",1.32303965091705,8
1,5,3,2,6,4,"cart",1.43097710609436,20
6,2,3,4,5,1,"cart",1.65955495834351,11
5,3,4,6,1,2,"cart",1.36258828639984,9
1,5,2,4,3,6,"cart",1.65057718753815,10
4,5,1,2,3,6,"cart",1.71390616893768,19
5,1,2,6,4,3,"cart",1.74156248569489,19
6,2,3,4,1,5,"cart",1.47929751873016,14
1,4,2,3,5,6,"cart",1.40679502487183,17
3,5,2,6,4,1,"cart",1.39460873603821,6
2,5,6,1,3,4,"cart",1.57088983058929,12
3,5,1,4,6,2,"cart",1.46874618530273,8
2,1,5,3,6,4,"cart",1.32799184322357,6
6,1,5,4,3,2,"cart",1.41898500919342,13
4,1,6,3,5,2,"cart",1.75609600543976,14
1,5,6,4,2,3,"cart",1.66973400115967,14
1,4,3,6,2,5,"cart",1.96055710315704,10
4,6,5,3,2,1,"cart",1.8198618888855,20
3,5,1,2,6,4,"cart",2.1360080242157,5
3,1,2,5,4,6,"cart",1.32346260547638,3
1,4,6,3,2,5,"cart",1.58210754394531,12
5,6,1,3,2,4,"cart",1.38837063312531,21
2,6,5,1,3,4,"cart",1.9535151720047,17
6,5,2,1,4,3,"cart",1.45704317092896,12
3,6,1,4,2,5,"cart",1.88531804084778,8
2,6,3,4,1,5,"cart",1.41599357128143,17
6,3,4,2,1,5,"cart",1.3674191236496,15
6,1,5,4,2,3,"cart",1.71359467506409,13
6,3,5,1,2,4,"cart",1.66135609149933,10
6,1,2,5,4,3,"cart",1.6758314371109,6
6,1,2,3,5,4,"cart",1.51236462593079,10
4,1,2,3,5,6,"cart",1.47967898845673,9
1,4,3,5,6,2,"cart",1.81882846355438,9
4,3,2,6,1,5,"cart",1.47734045982361,11
1,3,5,4,2,6,"cart",1.30127048492432,5
1,5,3,6,2,4,"cart",1.67734742164612,13
3,2,5,1,4,6,"cart",1.38370299339294,3
5,3,1,6,4,2,"cart",1.83795619010925,11
3,6,1,4,5,2,"cart",1.47066617012024,5
4,6,5,2,3,1,"cart",1.68080508708954,15
3,5,4,1,6,2,"cart",1.25960409641266,10
4,6,3,1,5,2,"cart",1.40402448177338,12
6,3,4,1,2,5,"cart",1.74636101722717,16
3,5,2,6,1,4,"cart",1.58327329158783,8
6,1,5,3,2,4,"cart",1.71569013595581,22
6,1,3,2,4,5,"cart",1.54287505149841,15
2,1,6,5,3,4,"cart",1.42378664016724,11
1,3,2,5,4,6,"cart",1.38672053813934,4
5,6,3,4,1,2,"cart",1.4727771282196,16
2,4,6,5,1,3,"cart",1.56469225883484,11
5,3,1,4,6,2,"cart",1.30718684196472,5
4,5,2,3,6,1,"cart",1.75545108318329,16
5,4,2,3,1,6,"cart",1.7918529510498,14
2,3,4,5,1,6,"cart",2.0277247428894,4
6,3,5,4,2,1,"cart",1.36808383464813,10
2,6,4,1,5,3,"cart",1.67367708683014,13
2,6,1,3,4,5,"cart",1.7251889705658,8
1,2,6,4,5,3,"cart",1.59835743904114,6
4,5,1,3,6,2,"cart",1.78042125701904,14
5,4,3,1,6,2,"cart",1.54825282096863,22
1,4,2,3,5,6,"cart",1.50487637519836,10
2,5,6,1,4,3,"cart",1.36414933204651,22
1,4,6,5,3,2,"cart",1.8659245967865,16
4,1,2,6,5,3,"cart",1.50461232662201,6
3,6,5,2,4,1,"cart",1.87745869159698,4
6,4,3,2,5,1,"cart",1.61305451393127,13
1,4,6,3,5,2,"cart",1.77435696125031,15
4,1,5,6,2,3,"cart",1.37945759296417,13
6,3,1,4,2,5,"cart",1.60042369365692,13
6,4,1,3,2,5,"cart",1.72251296043396,12
4,5,2,6,1,3,"cart",1.26781582832336,16
3,5,2,4,1,6,"cart",1.50863564014435,5
3,6,4,1,5,2,"cart",1.83024096488953,6
2,4,6,5,1,3,"cart",1.41882741451263,10
3,1,4,2,5,6,"cart",1.40379154682159,8
3,6,5,2,1,4,"cart",1.64670860767365,5
1,6,3,5,2,4,"cart",1.35775089263916,8
1,4,6,2,5,3,"cart",1.39660358428955,10
1,5,2,4,6,3,"cart",1.24802148342133,6
2,1,6,3,5,4,"cart",1.46086347103119,8
2,5,4,6,3,1,"cart",1.3331264257431,14
2,4,5,3,6,1,"cart",1.3636714220047,9
4,1,6,2,5,3,"cart",1.36058855056763,13
4,3,6,5,1,2,"cart",1.76338720321655,9
6,4,3,1,2,5,"cart",1.63034391403198,16
3,5,1,6,4,2,"cart",1.50631928443909,5
3,6,2,5,1,4,"cart",1.40617704391479,5
3,4,1,2,6,5,"cart",1.26921284198761,7
5,2,4,3,1,6,"cart",1.3838095664978,12
6,1,4,2,5,3,"cart",1.49339830875397,17
4,6,3,5,1,2,"cart",1.37897789478302,23
6,1,2,4,3,5,"cart",1.24328339099884,15
2,3,5,4,6,1,"cart",1.42891454696655,7
1,6,3,5,4,2,"cart",1.53254282474518,16
4,2,5,1,6,3,"cart",1.69223892688751,11
4,2,3,6,1,5,"cart",1.60520195960999,13
3,2,4,5,1,6,"cart",1.78977131843567,5
4,2,6,3,5,1,"cart",1.78960025310516,4
1,6,5,3,2,4,"cart",1.84057867527008,22
4,1,5,2,6,3,"cart",1.29169034957886,12
5,4,3,2,1,6,"cart",1.22975981235504,21
6,2,1,4,3,5,"cart",1.43395948410034,16
5,2,1,6,4,3,"cart",2.03089308738708,13
4,3,5,6,1,2,"cart",1.54744446277618,5
1,2,4,6,5,3,"cart",1.35852921009064,18
5,3,1,6,2,4,"cart",1.3730503320694,11
4,3,6,5,2,1,"cart",1.40754318237305,9
6,1,4,2,5,3,"cart",1.44744336605072,10
5,2,6,3,1,4,"cart",1.46028852462769,12
4,1,2,6,3,5,"cart",1.60713124275208,10
3,4,6,2,1,5,"cart",1.66445350646973,4
4,1,2,5,3,6,"cart",1.54251825809479,7
4,5,1,3,6,2,"cart",1.25177145004272,16
6,2,3,4,1,5,"cart",1.2780829668045,19
1,2,5,6,3,4,"cart",1.34152293205261,16
1,3,4,2,5,6,"cart",1.57260358333588,10
5,3,2,1,6,4,"cart",1.59975779056549,7
5,1,3,6,2,4,"cart",1.55690360069275,8
3,2,6,4,1,5,"cart",1.55080020427704,6
2,4,5,6,3,1,"cart",1.68465435504913,7
4,3,6,2,5,1,"cart",1.65170884132385,15
6,3,1,4,5,2,"cart",1.3499459028244,9
3,2,5,6,1,4,"cart",1.5479781627655,3
3,2,1,5,6,4,"cart",1.73813664913177,6
3,4,6,5,1,2,"cart",1.57383513450623,8
1,6,4,3,2,5,"cart",1.66643643379211,17
1,5,4,2,6,3,"cart",1.26569509506226,15
4,5,1,6,2,3,"cart",1.45010030269623,16
4,1,3,6,5,2,"cart",1.49491763114929,15
5,2,4,3,6,1,"cart",1.45031726360321,12
4,5,3,6,2,1,"cart",1.24016511440277,22
1,6,5,2,4,3,"cart",1.78832197189331,15
5,4,6,1,3,2,"cart",1.42271435260773,11
6,1,2,3,4,5,"cart",1.42816066741943,12
3,2,6,1,5,4,"cart",1.33873331546783,8
5,4,2,6,1,3,"cart",1.31952893733978,15
1,6,3,5,2,4,"cart",1.38971292972565,10
1,3,4,2,6,5,"cart",1.57368552684784,5
2,5,1,3,4,6,"cart",1.51758909225464,8
6,4,5,3,2,1,"cart",1.36324334144592,20
1,2,3,4,6,5,"cart",1.38698494434357,13
6,4,5,2,3,1,"cart",1.69263410568237,11
5,2,4,1,3,6,"cart",1.68971979618073,12
5,2,1,4,3,6,"cart",1.53830397129059,6
1,5,6,2,4,3,"cart",1.3770672082901,13
4,1,3,5,2,6,"cart",1.55403876304626,5
6,2,1,5,4,3,"cart",1.3481650352478,13
2,4,1,3,6,5,"cart",1.89279842376709,12
3,6,2,1,5,4,"cart",1.44036865234375,2
3,1,5,6,4,2,"cart",1.77338778972626,5
4,3,5,2,6,1,"cart",1.59064424037933,12
3,5,2,4,6,1,"cart",1.59452772140503,6
5,1,3,4,2,6,"cart",1.723100066185,13
4,3,2,1,6,5,"cart",1.83662283420563,13
3,2,6,1,4,5,"cart",1.46221697330475,8
1,2,4,3,5,6,"cart",1.38944315910339,11
5,6,4,1,3,2,"cart",1.4917858839035,15
3,6,1,5,2,4,"cart",1.50418329238892,7
6,5,2,3,1,4,"cart",1.48734939098358,12
2,5,6,1,4,3,"cart",1.51657474040985,11
3,1,2,4,5,6,"cart",1.58801317214966,9
5,1,6,2,4,3,"cart",1.90245854854584,25
1,4,3,2,5,6,"cart",1.35990583896637,7
5,1,4,6,2,3,"cart",1.86804616451263,14
2,1,6,5,4,3,"cart",1.41980981826782,15
2,6,5,1,3,4,"cart",1.56555306911469,10
1,5,6,4,2,3,"cart",1.57010996341705,18
2,6,4,3,1,5,"cart",1.30752944946289,15
5,1,6,4,2,3,"cart",1.48535525798798,11
2,1,3,5,6,4,"cart",1.53685259819031,8
3,2,4,6,1,5,"cart",1.55427575111389,7
1,3,4,5,6,2,"cart",1.53963661193848,2
5,2,3,4,1,6,"cart",2.11997389793396,13
5,4,2,1,3,6,"cart",1.36839115619659,16
2,4,5,6,3,1,"cart",1.85063695907593,15
5,1,6,3,4,2,"cart",1.62094855308533,19
3,1,6,5,2,4,"cart",1.48246324062347,5
3,6,1,5,4,2,"cart",1.66977190971375,8
1,4,2,6,5,3,"cart",1.50849425792694,12
6,3,1,2,5,4,"cart",1.54110622406006,6
1,3,5,4,2,6,"cart",1.37987565994263,1
5,3,1,4,2,6,"cart",1.37668871879578,8
2,3,1,5,4,6,"cart",1.8355188369751,4
5,4,6,2,1,3,"cart",2.18663001060486,10
4,6,3,5,2,1,"cart",1.51748096942902,21
2,1,6,4,5,3,"cart",1.40422284603119,14
1,3,5,2,4,6,"cart",1.67996346950531,8
3,5,4,6,2,1,"cart",1.67217934131622,7
5,1,3,6,2,4,"cart",1.34457099437714,9
1,5,4,3,6,2,"cart",1.3027206659317,17
3,5,6,4,1,2,"cart",1.60304117202759,4
6,5,4,2,3,1,"cart",1.63917207717896,19
2,6,5,4,1,3,"cart",1.57461488246918,9
3,6,4,1,5,2,"cart",1.37360370159149,7
5,1,4,3,6,2,"cart",1.34607803821564,22
5,6,1,3,4,2,"cart",1.6367449760437,15
2,1,5,6,4,3,"cart",1.47356200218201,8
4,2,3,6,5,1,"cart",1.37363374233246,17
6,1,4,5,3,2,"cart",1.39429426193237,10
6,2,3,1,5,4,"cart",1.47943818569183,14
4,6,3,1,2,5,"cart",1.75747394561768,17
5,4,1,6,2,3,"cart",1.25247442722321,11
1,2,5,6,4,3,"cart",1.42219245433807,11
6,3,5,4,1,2,"cart",1.59291195869446,6
3,2,1,5,6,4,"cart",1.80525529384613,7
2,6,5,3,1,4,"cart",1.74677991867065,18
4,1,3,6,5,2,"cart",1.45495533943176,7
5,1,6,4,3,2,"cart",1.41964387893677,9
6,2,3,5,4,1,"cart",1.44687068462372,15
5,6,2,4,3,1,"cart",1.53252851963043,13
5,1,6,3,4,2,"cart",1.48209512233734,15
3,6,4,2,1,5,"cart",1.39038395881653,4
3,4,1,6,5,2,"cart",1.67178499698639,5
1,2,6,3,4,5,"cart",1.66279304027557,16
3,5,4,1,6,2,"cart",1.60832118988037,11
5,2,3,1,6,4,"cart",1.74228405952454,8
2,4,1,5,6,3,"cart",1.43581283092499,7
2,3,1,6,5,4,"cart",1.49073672294617,8
1,6,3,2,4,5,"cart",1.39197540283203,12
1,2,6,5,3,4,"cart",1.40725672245026,3
1,6,4,3,5,2,"cart",1.70268976688385,18
6,4,2,3,5,1,"cart",1.39774012565613,12
6,2,3,5,1,4,"cart",1.93216168880463,13
3,1,4,5,6,2,"cart",2.13067007064819,8
1,5,3,6,4,2,"cart",1.54465925693512,20
2,3,1,6,5,4,"cart",1.32906985282898,7
6,2,5,1,4,3,"cart",1.51137673854828,11
3,1,5,2,4,6,"cart",1.86178481578827,5
6,5,2,4,3,1,"cart",1.41104137897491,13
3,2,6,4,5,1,"cart",1.96890187263489,4
6,5,4,3,1,2,"cart",1.58287560939789,16
6,4,5,2,1,3,"cart",1.77947807312012,16
3,6,2,5,4,1,"cart",1.65819811820984,7
1,5,2,4,3,6,"cart",1.54145693778992,12
3,6,2,5,4,1,"cart",2.03511548042297,3
3,6,5,2,4,1,"cart",1.98210513591766,5
3,6,1,2,5,4,"cart",1.68058621883392,2
2,4,1,6,5,3,"cart",1.8480441570282,10
5,1,4,3,2,6,"cart",1.70536720752716,16
3,4,6,2,1,5,"cart",1.44655299186707,8
1,4,3,5,2,6,"cart",1.58636939525604,7
2,1,6,3,4,5,"cart",1.70368194580078,10
4,1,6,3,2,5,"cart",1.5038970708847,20
4,2,6,3,1,5,"cart",1.61482584476471,7
2,6,4,5,3,1,"cart",1.48015880584717,11
2,3,4,6,1,5,"cart",1.79250383377075,6
2,5,1,6,3,4,"cart",1.75181019306183,12
1,2,6,5,3,4,"cart",1.5647087097168,13
1,6,5,2,4,3,"cart",1.46245920658112,16
1,6,3,4,5,2,"cart",1.37890768051147,11
4,3,5,6,2,1,"cart",1.77339446544647,12
6,3,2,1,5,4,"cart",1.34635782241821,6
2,4,1,6,3,5,"cart",1.72680079936981,5
4,6,3,2,1,5,"cart",1.75637924671173,18
2,3,4,5,6,1,"cart",1.69973564147949,11
6,1,4,3,2,5,"cart",1.47965919971466,18
2,5,1,6,3,4,"cart",1.59441936016083,18
2,5,3,6,1,4,"cart",1.50238490104675,9
4,6,2,3,1,5,"cart",1.59903943538666,9
1,5,3,6,2,4,"cart",1.6244490146637,18
1,4,2,5,3,6,"cart",1.29890024662018,12
4,5,6,2,3,1,"cart",1.54933059215546,14
4,6,2,5,3,1,"cart",1.43159651756287,11
2,3,4,1,6,5,"cart",1.91874694824219,6
1,2,3,5,6,4,"cart",1.56118452548981,11
6,5,1,3,2,4,"cart",1.45243513584137,15
1,6,2,3,4,5,"cart",1.61001551151276,15
6,2,3,4,5,1,"cart",1.85578143596649,11
5,6,2,1,4,3,"cart",1.30907809734344,12
3,2,6,4,1,5,"cart",2.05267763137817,9
3,5,1,6,2,4,"cart",1.48591101169586,7
3,2,5,4,1,6,"cart",2.011399269104,3
3,5,1,2,4,6,"cart",1.47412478923798,5
4,6,5,2,3,1,"cart",1.27481663227081,18
6,2,1,3,4,5,"cart",1.30258584022522,12
5,4,2,6,3,1,"cart",1.48861694335938,13
2,3,6,5,4,1,"cart",1.4305408000946,5
5,1,4,3,2,6,"cart",1.72669088840485,12
3,5,4,1,6,2,"cart",1.58924305438995,7
3,4,2,5,6,1,"cart",1.451908826828,7
6,2,1,3,5,4,"cart",1.82191634178162,13
2,6,4,5,1,3,"cart",1.48954129219055,9
1,4,2,6,3,5,"cart",2.18732976913452,11
6,3,5,4,2,1,"cart",1.35246884822845,6
1,3,6,4,5,2,"cart",1.53384244441986,6
1,6,2,4,3,5,"cart",1.41619122028351,14
5,4,6,2,3,1,"cart",1.34630954265594,14
2,6,1,5,3,4,"cart",1.38909137248993,12
1,4,5,3,2,6,"cart",1.5150705575943,12
3,2,1,6,5,4,"cart",1.85870206356049,7
6,3,2,4,1,5,"cart",1.66503059864044,8
1,5,3,2,4,6,"cart",1.33757662773132,14
2,6,5,3,4,1,"cart",1.50235569477081,8
5,3,4,2,6,1,"cart",1.20442938804626,3
6,2,3,1,4,5,"cart",1.43135738372803,13
6,4,5,1,2,3,"cart",1.65275084972382,15
6,4,1,3,5,2,"cart",1.38857984542847,13
6,2,4,5,3,1,"cart",1.71299660205841,17
3,5,2,1,4,6,"cart",1.64472770690918,3
3,6,4,5,2,1,"cart",1.49653470516205,5
4,2,6,5,1,3,"cart",1.75384962558746,8
3,2,5,6,4,1,"cart",1.45648717880249,6
1,6,5,4,3,2,"cart",1.75470328330994,14
3,5,6,4,2,1,"cart",1.64803838729858,7
6,1,5,4,2,3,"cart",1.41751861572266,14
6,1,4,2,3,5,"cart",1.36967241764069,20
3,4,2,1,6,5,"cart",1.68270194530487,4
3,2,4,6,1,5,"cart",1.6808534860611,5
4,5,3,6,2,1,"cart",1.32468020915985,18
3,5,1,2,4,6,"cart",1.42968320846558,7
2,5,6,4,3,1,"cart",1.75322639942169,18
1,3,5,2,4,6,"cart",1.54166638851166,8
3,2,5,1,6,4,"cart",1.66107988357544,5
1,6,5,3,4,2,"cart",1.56438624858856,16
4,1,2,5,3,6,"cart",1.30460095405579,17
3,4,5,2,6,1,"cart",1.48908817768097,12
5,4,6,3,1,2,"cart",1.59095215797424,20
6,1,3,2,5,4,"cart",1.58685183525085,7
3,1,6,4,2,5,"cart",1.40725839138031,5
1,6,5,2,3,4,"cart",1.4292608499527,13
2,1,6,3,4,5,"cart",2.21124362945557,16
6,1,5,2,4,3,"cart",1.35777294635773,11
6,4,2,5,1,3,"cart",1.40188574790955,9
2,6,3,1,5,4,"cart",1.72349631786346,12
5,3,1,2,4,6,"cart",1.81944704055786,11
2,1,5,3,4,6,"cart",1.76283383369446,13
6,5,4,1,2,3,"cart",2.21667337417603,10
2,6,4,1,3,5,"cart",1.28483486175537,12
6,5,1,4,2,3,"cart",1.56978094577789,12
4,5,2,1,3,6,"cart",1.30730867385864,6
1,5,6,2,3,4,"cart",1.96369552612305,14
6,4,5,3,2,1,"cart",1.47935020923615,16
5,3,4,1,2,6,"cart",1.47080194950104,12
6,3,4,5,2,1,"cart",1.82900738716125,9
3,1,2,5,6,4,"cart",1.78231239318848,5
5,3,6,1,2,4,"cart",1.55534994602203,7
4,6,3,2,5,1,"cart",1.40512764453888,14
1,3,4,2,5,6,"cart",1.50566399097443,0
5,1,3,4,6,2,"cart",1.67219877243042,11
5,1,6,4,3,2,"cart",1.43506646156311,15
5,3,6,1,4,2,"cart",1.9785453081131,11
1,3,4,2,6,5,"cart",1.78860104084015,7
2,5,6,4,1,3,"cart",1.43789207935333,17
3,1,4,5,6,2,"cart",1.26611125469208,9
4,5,2,6,1,3,"cart",1.27739667892456,15
3,2,5,4,6,1,"cart",1.47922456264496,9
3,6,4,5,2,1,"cart",1.28645145893097,8
5,2,6,1,3,4,"cart",1.41184365749359,13
6,5,1,2,3,4,"cart",1.85207033157349,17
2,3,6,5,4,1,"cart",1.53049123287201,7
2,5,4,1,6,3,"cart",1.29822540283203,14
6,3,2,4,5,1,"cart",1.46063244342804,10
4,1,5,3,6,2,"cart",1.3285174369812,11
3,1,4,2,6,5,"cart",1.54918432235718,8
5,3,1,2,6,4,"cart",1.8057519197464,16
3,1,6,2,4,5,"cart",1.29745256900787,5
2,1,5,6,4,3,"cart",1.7515207529068,16
2,4,5,1,6,3,"cart",1.65313303470612,6
2,6,3,1,4,5,"cart",1.64535880088806,12
6,4,2,1,5,3,"cart",1.57096254825592,16
6,4,5,1,3,2,"cart",1.66108930110931,9
6,4,2,5,3,1,"cart",1.83161282539368,18
5,6,2,3,4,1,"cart",1.49253225326538,11
2,4,5,3,1,6,"cart",1.48788285255432,16
4,5,6,3,1,2,"cart",1.36873662471771,13
1,3,4,6,5,2,"cart",1.42443358898163,7
6,4,1,2,5,3,"cart",1.63854217529297,11
6,2,4,3,5,1,"cart",1.59695589542389,16
4,1,5,3,6,2,"cart",1.37996208667755,18
5,4,3,2,6,1,"cart",1.41115283966064,18
4,5,2,6,3,1,"cart",1.6748034954071,14
5,6,2,4,3,1,"cart",2.18799090385437,17
6,1,3,5,2,4,"cart",1.41535925865173,10
5,4,6,3,2,1,"cart",1.40990054607391,22
2,3,1,6,4,5,"cart",1.50846171379089,10
2,1,4,5,3,6,"cart",1.35529327392578,12
3,2,1,6,5,4,"cart",1.47622430324554,5
6,1,2,3,5,4,"cart",1.73942565917969,10
6,5,4,1,3,2,"cart",1.57441425323486,13
4,3,5,2,1,6,"cart",1.58801758289337,13
4,2,3,6,5,1,"cart",1.38199162483215,13
2,4,3,6,5,1,"cart",1.562784075737,3
1,2,4,5,6,3,"cart",1.31995224952698,9
1,6,3,4,2,5,"cart",1.42738032341003,16
4,2,6,5,3,1,"cart",1.61488997936249,18
2,4,5,6,1,3,"cart",1.20625352859497,12
6,5,2,3,4,1,"cart",1.77735686302185,15
5,3,6,2,1,4,"cart",1.48509085178375,10
2,1,5,3,6,4,"cart",1.89697599411011,7
3,5,2,1,6,4,"cart",1.4765864610672,4
5,2,6,4,1,3,"cart",1.28730392456055,9
2,5,4,6,1,3,"cart",1.9067530632019,10
1,6,2,5,4,3,"cart",1.635174036026,9
2,3,4,6,5,1,"cart",1.45229661464691,7
3,2,4,5,1,6,"cart",1.36158227920532,4
6,4,2,3,1,5,"cart",1.34442365169525,13
2,3,4,1,5,6,"cart",1.39134752750397,5
4,5,3,2,6,1,"cart",1.19028961658478,24
2,3,5,1,4,6,"cart",1.38229334354401,5
2,1,4,6,5,3,"cart",1.85421240329742,9
3,1,2,5,6,4,"cart",1.67726969718933,3
5,6,4,3,1,2,"cart",1.44597983360291,21
1,3,4,5,6,2,"cart",1.85679543018341,4
2,1,6,4,5,3,"cart",1.59203088283539,15
2,6,4,1,3,5,"cart",1.67746949195862,13
4,1,6,5,2,3,"cart",1.40756750106812,17
1,2,5,3,6,4,"cart",1.40021753311157,9
5,3,1,4,6,2,"cart",1.44578003883362,8
5,3,4,2,1,6,"cart",1.61137902736664,11
2,5,3,6,1,4,"cart",1.46462190151215,21
2,1,6,5,3,4,"cart",1.33049786090851,10
6,5,4,3,2,1,"cart",1.3849755525589,18
1,3,2,5,4,6,"cart",2.10644960403442,9
6,5,3,2,4,1,"cart",1.63845193386078,20
1,6,5,3,2,4,"cart",1.52734231948853,16
1,3,2,4,6,5,"cart",1.50390660762787,6
5,2,6,4,3,1,"cart",1.38517034053802,10
6,1,5,2,4,3,"cart",1.76165974140167,10
2,6,1,3,5,4,"cart",1.49114584922791,13
1,6,4,3,2,5,"cart",1.42335879802704,16
5,2,1,3,4,6,"cart",1.51109313964844,19
3,1,5,6,2,4,"cart",1.71668350696564,7
6,5,1,2,3,4,"cart",1.54168915748596,19
1,4,3,6,5,2,"cart",1.8571697473526,8
5,3,2,4,6,1,"cart",1.32250940799713,3
3,1,4,2,6,5,"cart",1.85216879844666,4
4,3,1,5,2,6,"cart",1.80603528022766,11
3,5,6,1,4,2,"cart",1.4816962480545,4
3,6,5,4,2,1,"cart",1.49629426002502,11
4,1,6,3,2,5,"cart",1.42630434036255,13
1,5,4,3,6,2,"cart",1.31283020973206,17
2,1,5,4,3,6,"cart",1.63659572601318,7
6,4,5,1,3,2,"cart",1.40153467655182,15
1,2,3,5,4,6,"cart",1.49755370616913,9
4,2,5,3,6,1,"cart",1.38094198703766,9
6,1,4,5,2,3,"cart",2.15663766860962,12
6,1,3,4,5,2,"cart",1.38541889190674,13
4,5,3,2,1,6,"cart",1.52119314670563,23
6,1,4,2,3,5,"cart",1.45581555366516,13
5,4,1,6,2,3,"cart",1.45166754722595,13
6,3,2,5,4,1,"cart",1.58602595329285,4
6,2,1,4,5,3,"cart",1.38980889320374,13
6,4,2,3,1,5,"cart",1.82177233695984,8
1,6,2,4,3,5,"cart",1.47486340999603,12
6,1,3,5,4,2,"cart",1.50241017341614,13
6,3,4,2,5,1,"cart",1.51247036457062,13
5,6,2,3,1,4,"cart",1.90773618221283,10
6,1,5,2,4,3,"cart",1.83048737049103,16
3,5,6,2,4,1,"cart",1.90403473377228,4
4,1,2,6,5,3,"cart",1.96576011180878,10
4,6,5,1,2,3,"cart",1.49108982086182,13
3,2,1,5,4,6,"cart",1.69594669342041,5
5,3,4,1,6,2,"cart",1.25839948654175,5
6,2,3,1,4,5,"cart",1.62788534164429,11
3,5,2,1,6,4,"cart",1.60801339149475,5
2,3,6,5,1,4,"cart",1.4148383140564,6
2,4,3,6,1,5,"cart",1.41058146953583,13
5,1,4,2,3,6,"cart",1.33985030651093,20
4,5,3,6,1,2,"cart",1.35423064231873,20
5,1,2,3,6,4,"cart",1.65388345718384,14
4,1,3,5,6,2,"cart",1.35761475563049,9
2,5,4,1,6,3,"cart",1.25208246707916,14
2,5,6,1,4,3,"cart",1.82558810710907,9
4,1,5,3,2,6,"cart",1.82872998714447,18
1,5,2,3,6,4,"cart",1.53405046463013,17
4,1,5,6,3,2,"cart",1.4510555267334,11
2,1,6,4,5,3,"cart",1.40919506549835,12
3,4,6,1,5,2,"cart",1.78456842899323,5
6,4,1,3,2,5,"cart",1.4068375825882,18
1,5,3,6,2,4,"cart",1.46021389961243,14
2,3,6,1,4,5,"cart",1.33907687664032,9
1,4,2,5,3,6,"cart",1.34303677082062,10
6,4,5,1,2,3,"cart",1.37301695346832,9
4,2,5,6,1,3,"cart",1.2491238117218,11
4,1,2,6,3,5,"cart",1.52600252628326,7
4,2,1,5,6,3,"cart",1.78460931777954,13
2,4,6,3,1,5,"cart",1.40502762794495,8
1,6,2,5,3,4,"cart",1.40674912929535,10
3,2,6,1,4,5,"cart",1.3988391160965,1
4,5,6,1,3,2,"cart",1.81506109237671,20
4,5,6,3,1,2,"cart",1.31805574893951,18
4,6,2,5,3,1,"cart",1.6233993768692,14
2,6,1,4,3,5,"cart",1.69003021717072,15
1,4,6,5,2,3,"cart",1.33157849311829,11
3,4,5,2,6,1,"cart",1.45410776138306,3
3,5,2,4,1,6,"cart",1.36252474784851,1
1,6,4,5,3,2,"cart",1.44218802452087,11
1,5,4,6,3,2,"cart",1.63434815406799,16
2,4,5,6,3,1,"cart",1.39720892906189,15
4,6,5,1,3,2,"cart",1.45678186416626,12
1,4,3,5,2,6,"cart",1.65585768222809,15
6,1,2,4,5,3,"cart",1.50686883926392,17
3,5,2,1,6,4,"cart",1.45591425895691,7
1,2,3,6,4,5,"cart",1.43141400814056,7
3,6,5,2,1,4,"cart",1.40138530731201,9
3,5,1,6,4,2,"cart",1.36724865436554,3
6,5,3,1,4,2,"cart",1.36569035053253,15
6,3,4,1,2,5,"cart",1.47504484653473,6
6,4,3,5,2,1,"cart",1.86361289024353,17
4,3,6,2,1,5,"cart",1.45886278152466,9
4,2,1,6,5,3,"cart",1.61839008331299,6
6,4,3,5,1,2,"cart",1.47623455524445,8
2,3,4,1,6,5,"cart",1.5704128742218,10
3,6,4,1,5,2,"cart",1.45428586006165,9
1,2,3,4,6,5,"cart",1.55265462398529,10
2,3,5,6,4,1,"cart",1.49455761909485,7
4,3,2,5,6,1,"cart",1.81094419956207,12
2,1,3,5,4,6,"cart",1.47184419631958,5
6,3,1,4,5,2,"cart",1.48006284236908,4
2,5,4,6,3,1,"cart",1.65792536735535,14
1,2,5,6,3,4,"cart",1.46466422080994,8
6,3,1,4,5,2,"cart",1.79166686534882,13
3,4,1,2,6,5,"cart",1.42188608646393,9
6,1,3,4,2,5,"cart",1.78281450271606,12
4,5,2,3,6,1,"cart",1.43077325820923,13
5,6,4,3,2,1,"cart",1.80908536911011,18
3,5,1,4,6,2,"cart",1.77327859401703,8
1,2,4,3,6,5,"cart",1.39403223991394,15
2,6,3,1,4,5,"cart",1.43007266521454,17
3,2,5,6,4,1,"cart",1.62970745563507,1
6,2,5,4,1,3,"cart",1.58840191364288,16
4,5,2,6,3,1,"cart",1.54253470897675,15
1,3,5,4,2,6,"cart",1.42901742458344,10
3,4,6,1,5,2,"cart",1.63849341869354,6
4,2,3,5,1,6,"cart",1.63178062438965,15
2,3,5,6,1,4,"cart",1.69622731208801,11
4,6,1,2,3,5,"cart",1.28788888454437,11
3,2,4,5,1,6,"cart",1.40163207054138,8
2,5,3,1,4,6,"cart",1.47301161289215,15
5,2,1,6,3,4,"cart",1.39885425567627,13
2,5,4,6,3,1,"cart",1.38824141025543,14
6,5,3,2,1,4,"cart",1.4776257276535,14
2,4,3,6,1,5,"cart",1.67718756198883,13
1,2,3,5,4,6,"cart",1.26767551898956,5
1,4,2,3,6,5,"cart",1.33684158325195,13
5,1,3,2,4,6,"cart",1.74455964565277,11
2,1,3,6,4,5,"cart",2.04987454414368,15
4,2,5,3,1,6,"cart",1.40039968490601,12
3,2,6,5,1,4,"cart",1.47637712955475,12
6,3,5,4,1,2,"cart",1.38974142074585,8
2,3,6,5,1,4,"cart",1.37856030464172,12
4,5,6,1,3,2,"cart",1.39461410045624,12
1,3,5,2,6,4,"cart",1.71607410907745,2
2,5,1,6,4,3,"cart",1.41718304157257,8
2,1,4,3,6,5,"cart",1.38465428352356,10
2,1,3,4,6,5,"cart",1.7530300617218,16
1,3,6,4,2,5,"cart",1.81023621559143,5
2,4,5,1,3,6,"cart",1.38340544700623,17
5,1,6,2,3,4,"cart",1.62002885341644,16
5,2,1,4,3,6,"cart",1.50728011131287,13
1,5,3,6,4,2,"cart",1.48630595207214,12
1,4,3,2,6,5,"cart",1.32722413539886,9
2,1,6,3,5,4,"cart",1.65330839157104,15
1,5,4,2,6,3,"cart",1.58697605133057,17
1,5,4,3,2,6,"cart",1.79234349727631,17
3,2,6,5,4,1,"cart",1.53890836238861,6
6,5,4,2,1,3,"cart",1.63932704925537,10
2,4,6,1,3,5,"cart",1.28164446353912,12
5,2,6,4,3,1,"cart",1.53727281093597,13
5,2,6,4,3,1,"cart",1.39851868152618,12
3,1,4,6,2,5,"cart",1.4616916179657,1
2,4,5,6,1,3,"cart",1.59530115127563,9
5,1,3,6,4,2,"cart",1.52366518974304,13
6,3,4,2,1,5,"cart",1.65000462532043,6
4,2,6,1,5,3,"cart",1.5261447429657,9
1,5,4,6,2,3,"cart",1.55069506168365,15
4,3,1,6,2,5,"cart",1.38995444774628,13
1,3,5,2,4,6,"cart",1.61461782455444,3
5,3,1,6,2,4,"cart",1.42523634433746,8
1,2,5,3,6,4,"cart",1.74016034603119,11
4,5,3,1,2,6,"cart",1.29420924186707,18
4,2,5,1,6,3,"cart",1.44492602348328,12
6,3,2,1,4,5,"cart",1.42065763473511,8
2,3,1,5,6,4,"cart",1.43663156032562,9
4,6,3,5,2,1,"cart",1.63252997398376,18
2,5,6,4,1,3,"cart",1.51193845272064,12
2,1,4,6,5,3,"cart",1.35228371620178,12
5,1,6,3,2,4,"cart",1.45982134342194,10
1,6,2,5,3,4,"cart",1.86929786205292,14
3,6,5,1,4,2,"cart",1.49412083625793,4
5,1,6,3,4,2,"cart",1.29873788356781,19
2,3,1,5,6,4,"cart",1.71279644966125,7
3,6,5,4,1,2,"cart",1.34721755981445,4
2,6,5,4,1,3,"cart",1.6987099647522,16
2,6,5,1,4,3,"cart",1.56346476078033,13
4,6,1,5,2,3,"cart",1.5012971162796,12
6,3,4,1,2,5,"cart",1.51978981494904,5
6,4,1,5,3,2,"cart",1.45260918140411,11
6,4,3,1,2,5,"cart",1.50392067432404,20
6,2,3,1,5,4,"cart",1.45189774036407,13
4,2,3,1,5,6,"cart",1.35191428661346,17
4,3,1,5,6,2,"cart",1.6460645198822,7
1,2,6,3,4,5,"cart",1.56960272789001,12
3,1,2,4,6,5,"cart",1.96011161804199,6
4,3,6,1,5,2,"cart",1.32480454444885,12
2,6,5,4,3,1,"cart",1.43133449554443,16
3,2,1,4,5,6,"cart",1.5249981880188,7
4,6,3,2,1,5,"cart",1.94023239612579,14
6,1,4,3,5,2,"cart",1.43026733398438,16
2,5,4,3,6,1,"cart",1.60402953624725,13
4,2,3,6,5,1,"cart",1.98310673236847,13
3,6,5,1,2,4,"cart",1.77182829380035,8
6,2,5,4,3,1,"cart",1.38100326061249,12
3,2,4,1,5,6,"cart",1.49970650672913,5
5,4,6,3,2,1,"cart",1.62646186351776,11
3,5,6,4,1,2,"cart",1.7572774887085,5
6,3,1,5,4,2,"cart",2.05064868927002,7
4,1,2,3,6,5,"cart",1.88212835788727,14
3,1,6,5,2,4,"cart",1.69909167289734,3
3,1,5,6,4,2,"cart",1.46139740943909,6
6,3,2,5,4,1,"cart",1.49456238746643,6
1,4,6,3,5,2,"cart",1.6530282497406,10
2,3,4,1,5,6,"cart",1.38824844360352,5
3,1,5,6,2,4,"cart",1.3791401386261,8
5,1,4,6,3,2,"cart",1.2439751625061,15
4,3,2,1,5,6,"cart",1.53424251079559,11
5,1,3,4,2,6,"cart",1.33475470542908,14
3,2,1,4,5,6,"cart",1.40413391590118,5
3,5,4,6,2,1,"cart",1.42236709594727,7
2,6,4,3,1,5,"cart",1.54477894306183,16
5,1,2,6,3,4,"cart",1.73273301124573,10
3,1,6,2,5,4,"cart",1.44051897525787,4
6,2,5,3,4,1,"cart",1.49647641181946,13
1,2,6,3,5,4,"cart",1.51282048225403,11
4,6,1,3,5,2,"cart",1.53757035732269,17
6,5,3,1,2,4,"cart",1.35968792438507,19
4,3,6,5,1,2,"cart",1.93610382080078,7
3,2,4,1,6,5,"cart",1.79316401481628,2
4,6,3,1,5,2,"cart",1.58152341842651,14
4,6,2,5,1,3,"cart",1.72694611549377,15
6,1,2,4,3,5,"cart",1.42339587211609,9
3,2,4,5,6,1,"cart",1.50454008579254,1
2,4,6,3,5,1,"cart",1.57977068424225,11
6,4,3,1,5,2,"cart",1.51485121250153,18
1,4,2,3,6,5,"cart",1.405437707901,15
3,6,4,2,5,1,"cart",1.86616253852844,6
5,4,2,3,6,1,"cart",1.69209492206573,12
5,2,3,6,1,4,"cart",1.81633949279785,9
5,4,6,1,2,3,"cart",1.40460121631622,11
5,1,2,4,3,6,"cart",1.55924248695374,10
2,1,6,5,3,4,"cart",1.35300254821777,6
6,4,5,2,1,3,"cart",1.43801164627075,10
1,5,4,3,2,6,"cart",1.21404588222504,20
6,3,1,2,4,5,"cart",1.73539507389069,11
1,2,6,3,5,4,"cart",1.78701388835907,10
4,3,1,5,2,6,"cart",1.78375291824341,6
5,2,4,1,6,3,"cart",1.37354493141174,9
2,6,3,5,4,1,"cart",1.45831215381622,16
3,6,2,5,1,4,"cart",1.69019639492035,5
2,5,1,6,4,3,"cart",1.55451917648315,12
4,1,6,5,3,2,"cart",1.55955600738525,8
4,6,5,1,3,2,"cart",1.43080043792725,10
4,5,6,2,1,3,"cart",1.45904767513275,15
3,4,1,2,5,6,"cart",2.52281451225281,6
4,2,1,3,5,6,"cart",1.57283926010132,12
5,1,2,4,3,6,"cart",1.54833376407623,15
6,1,4,5,2,3,"cart",1.64111614227295,11
4,5,6,1,2,3,"cart",1.77129971981049,11
6,2,5,3,4,1,"cart",1.61309337615967,17
1,5,6,2,3,4,"cart",1.39790689945221,14
3,1,5,4,6,2,"cart",1.68634176254272,8
1,2,3,6,5,4,"cart",1.63383328914642,8
2,3,1,4,5,6,"cart",1.53360211849213,7
2,1,4,5,6,3,"cart",1.39410042762756,10
4,2,1,6,5,3,"cart",1.4960503578186,12
4,3,5,1,6,2,"cart",1.57746160030365,9
3,2,4,6,5,1,"cart",1.45626699924469,4
1,2,6,5,4,3,"cart",1.851806640625,13
4,6,1,2,3,5,"cart",1.32185101509094,9
1,2,5,6,3,4,"cart",1.40721333026886,12
6,1,2,5,3,4,"cart",1.4168506860733,14
3,5,6,1,4,2,"cart",1.63978850841522,6
5,6,4,1,2,3,"cart",1.40862488746643,12
5,2,4,6,3,1,"cart",1.44558501243591,20
6,5,4,2,1,3,"cart",1.54773676395416,17
2,4,1,5,3,6,"cart",1.53915858268738,10
6,4,2,1,3,5,"cart",1.47962963581085,9
5,3,2,6,4,1,"cart",1.74064421653748,9
1,6,3,4,5,2,"cart",1.83318281173706,7
3,6,4,1,2,5,"cart",1.42488169670105,7
6,4,1,5,2,3,"cart",1.5670450925827,14
5,4,3,6,2,1,"cart",1.37966859340668,16
2,3,6,5,4,1,"cart",1.71786832809448,13
1,4,3,6,5,2,"cart",1.86060333251953,13
2,4,3,6,1,5,"cart",1.51808023452759,14
2,6,4,3,5,1,"cart",1.49199438095093,14
3,5,6,4,2,1,"cart",1.54514062404633,4
2,1,6,3,4,5,"cart",1.86060464382172,14
2,4,6,1,5,3,"cart",1.52381062507629,17
2,6,5,4,3,1,"cart",1.76912486553192,17
2,5,4,6,1,3,"cart",1.39267480373383,6
6,1,2,4,5,3,"cart",1.44986665248871,16
1,3,5,6,2,4,"cart",1.59599900245667,5
5,4,2,1,6,3,"cart",1.19761312007904,14
6,3,5,1,2,4,"cart",1.7222672700882,14
4,1,6,2,5,3,"cart",1.28711068630219,15
3,4,5,2,1,6,"cart",1.3734884262085,5
4,1,6,5,2,3,"cart",1.43527030944824,14
3,5,6,2,1,4,"cart",1.96113097667694,5
1,5,6,3,4,2,"cart",1.27886724472046,7
2,6,1,3,4,5,"cart",1.41684663295746,8
5,3,2,6,4,1,"cart",1.72371768951416,13
2,6,3,1,4,5,"cart",1.62553977966309,15
4,2,1,3,5,6,"cart",1.35972952842712,7
3,5,1,2,4,6,"cart",1.38735604286194,6
1,5,3,2,4,6,"cart",1.61036443710327,12
6,3,1,2,4,5,"cart",1.5366176366806,6
5,1,6,4,2,3,"cart",1.56062090396881,16
2,6,4,3,1,5,"cart",1.31463813781738,11
4,6,3,2,5,1,"cart",1.64813578128815,18
4,3,6,5,2,1,"cart",1.66442584991455,9
2,4,5,1,3,6,"cart",1.38909387588501,16
1,5,6,2,4,3,"cart",1.33778190612793,10
5,1,4,6,2,3,"cart",1.63330888748169,9
2,5,4,3,1,6,"cart",1.58026659488678,16
4,2,5,1,3,6,"cart",1.49795603752136,10
3,5,2,6,4,1,"cart",1.8709956407547,3
3,1,4,6,5,2,"cart",1.37791931629181,4
4,2,3,1,5,6,"cart",1.36822009086609,13
1,4,2,6,3,5,"cart",2.09204649925232,12
6,5,2,1,4,3,"cart",1.37091302871704,12
5,6,1,2,4,3,"cart",1.7432758808136,10
6,3,1,5,2,4,"cart",1.68345618247986,10
6,3,4,5,1,2,"cart",1.43201148509979,15
2,1,3,6,4,5,"cart",1.58894729614258,8
3,6,5,1,2,4,"cart",1.63731563091278,1
2,3,4,6,1,5,"cart",1.56762444972992,3
5,1,2,6,3,4,"cart",1.75667464733124,11
1,5,6,3,2,4,"cart",1.44404482841492,17
3,2,1,6,4,5,"cart",1.44399166107178,2
3,1,4,2,5,6,"cart",1.38792586326599,1
2,1,5,6,3,4,"cart",1.53040838241577,17
1,3,5,4,6,2,"cart",1.36849641799927,7
4,2,3,6,1,5,"cart",1.85727870464325,19
5,1,3,6,4,2,"cart",1.46361589431763,8
4,2,5,3,1,6,"cart",1.45231950283051,8
2,6,5,1,4,3,"cart",1.32836854457855,14
1,5,4,6,2,3,"cart",1.67353463172913,8
5,3,4,6,1,2,"cart",1.57539141178131,6
1,5,6,3,2,4,"cart",1.60511791706085,13
6,4,2,1,5,3,"cart",1.49571931362152,17
2,6,4,1,3,5,"cart",1.43324720859528,13
1,2,4,3,5,6,"cart",1.65069103240967,10
4,3,2,5,6,1,"cart",1.40064442157745,7
5,6,3,1,2,4,"cart",1.37542855739594,19
1,5,2,6,4,3,"cart",1.58661568164825,10
5,1,6,4,2,3,"cart",1.47254538536072,12
2,6,3,1,5,4,"cart",1.8047388792038,16
1,3,4,2,5,6,"cart",1.35977935791016,7
2,5,3,1,6,4,"cart",1.69653069972992,14
4,3,5,2,1,6,"cart",1.43626034259796,13
3,2,6,4,1,5,"cart",1.57577216625214,5
4,6,5,2,1,3,"cart",1.72380363941193,19
5,6,4,2,1,3,"cart",1.48708844184875,11
2,6,3,5,1,4,"cart",1.8265894651413,21
1,6,4,3,5,2,"cart",1.38606083393097,17
5,2,1,6,4,3,"cart",1.30921268463135,10
6,1,4,3,2,5,"cart",1.39729702472687,14
5,2,6,4,1,3,"cart",1.47188818454742,14
4,5,2,1,3,6,"cart",1.3427746295929,13
4,3,1,2,5,6,"cart",2.09969258308411,9
5,2,3,4,6,1,"cart",1.42779910564423,14
1,4,6,2,3,5,"cart",1.82697296142578,12
2,4,1,5,6,3,"cart",1.50190234184265,14
6,1,2,5,3,4,"cart",1.87562417984009,12
5,3,6,4,1,2,"cart",1.48070204257965,13
5,4,1,6,3,2,"cart",1.45497441291809,14
5,4,6,2,1,3,"cart",1.44179081916809,12
2,1,3,4,5,6,"cart",1.51822698116302,10
6,4,2,5,3,1,"cart",1.50891423225403,20
2,3,5,1,4,6,"cart",1.94500863552094,4
5,6,2,3,1,4,"cart",1.34682667255402,16
1,6,5,4,3,2,"cart",1.53265500068665,9
2,1,4,3,6,5,"cart",1.44577980041504,19
1,5,4,2,6,3,"cart",1.26723575592041,5
4,1,5,3,2,6,"cart",1.48071098327637,12
5,2,3,1,4,6,"cart",1.76321613788605,16
5,4,6,2,3,1,"cart",1.2642388343811,10
6,5,3,4,1,2,"cart",1.39352071285248,14
1,3,5,4,6,2,"cart",1.79268574714661,7
4,5,3,1,6,2,"cart",1.67033553123474,13
6,1,4,3,5,2,"cart",1.78836476802826,19
5,3,6,1,2,4,"cart",1.4298415184021,8
4,6,2,3,5,1,"cart",1.84820234775543,15
5,4,3,2,1,6,"cart",2.01915216445923,17
1,4,2,6,5,3,"cart",1.67374658584595,15
6,4,1,2,3,5,"cart",1.62680840492249,11
6,2,3,4,1,5,"cart",1.48047232627869,22
5,6,2,1,4,3,"cart",1.33781683444977,16
2,3,5,1,6,4,"cart",1.7420779466629,5
1,3,6,4,5,2,"cart",1.3451943397522,4
6,2,1,3,5,4,"cart",1.66739785671234,8
5,6,3,1,2,4,"cart",1.3840913772583,22
2,5,3,1,6,4,"cart",1.36364877223969,10
5,3,6,1,4,2,"cart",1.72135508060455,6
5,6,3,2,4,1,"cart",1.44561338424683,12
4,6,3,5,1,2,"cart",1.80076813697815,16
4,1,6,5,2,3,"cart",1.57107210159302,9
4,6,3,1,2,5,"cart",1.52860236167908,13
5,2,6,3,4,1,"cart",1.42792320251465,11
3,4,1,6,5,2,"cart",1.53981280326843,4
1,5,3,4,6,2,"cart",1.51956808567047,17
2,3,5,6,4,1,"cart",1.73412609100342,3
6,1,2,3,4,5,"cart",1.44724452495575,11
6,5,4,3,2,1,"cart",1.34341156482697,21
6,3,2,4,1,5,"cart",1.32926487922668,11
5,3,4,1,6,2,"cart",1.50444614887238,7
3,2,6,5,4,1,"cart",1.52679395675659,7
4,5,3,1,2,6,"cart",1.28231370449066,24
5,6,1,2,3,4,"cart",1.72675669193268,10
3,6,4,2,5,1,"cart",1.53472697734833,8
4,5,1,2,6,3,"cart",1.32396137714386,11
2,4,5,3,6,1,"cart",1.74271965026855,16
4,6,2,3,1,5,"cart",1.51885509490967,16
4,5,6,1,2,3,"cart",1.72270929813385,17
2,6,3,4,5,1,"cart",1.42115414142609,13
5,3,2,4,1,6,"cart",1.69055652618408,11
5,4,3,6,1,2,"cart",1.39752280712128,14
4,2,1,6,3,5,"cart",1.74891090393066,9
1,3,5,6,2,4,"cart",1.7456864118576,6
5,1,2,4,6,3,"cart",1.57648479938507,22
6,1,4,5,3,2,"cart",1.5702862739563,14
2,4,6,5,3,1,"cart",1.65191733837128,15
5,6,4,1,2,3,"cart",1.39504945278168,14
2,4,1,6,5,3,"cart",1.49711382389069,8
3,2,1,4,5,6,"cart",1.56057322025299,2
5,4,6,2,3,1,"cart",1.6940438747406,21
2,1,3,4,5,6,"cart",1.38997995853424,9
4,6,3,5,2,1,"cart",1.37729358673096,14
2,4,1,5,3,6,"cart",1.80070638656616,11
3,2,1,6,4,5,"cart",1.77528715133667,4
5,3,1,4,6,2,"cart",1.39061689376831,7
3,5,4,6,1,2,"cart",1.30925250053406,12
2,3,6,1,5,4,"cart",1.72001850605011,8
6,4,3,1,5,2,"cart",1.46159696578979,9
4,2,1,5,3,6,"cart",1.51908671855927,11
2,1,5,3,6,4,"cart",1.54390943050385,17
4,3,2,6,5,1,"cart",1.3857741355896,11
4,2,5,6,1,3,"cart",1.55982875823975,7
2,1,3,4,5,6,"cart",1.35129833221436,7
1,5,3,2,4,6,"cart",1.63783192634583,11
5,4,1,2,3,6,"cart",1.4059362411499,10
3,1,4,2,5,6,"cart",1.41463541984558,4
3,1,5,4,2,6,"cart",1.64730954170227,7
6,1,2,3,4,5,"cart",1.66084825992584,13
4,3,5,6,1,2,"cart",1.78702640533447,9
3,2,4,5,6,1,"cart",1.38019347190857,8
1,4,3,6,5,2,"cart",1.46130919456482,13
1,3,6,4,2,5,"cart",1.35843908786774,4
3,2,1,4,6,5,"cart",1.35381007194519,5
6,2,1,4,3,5,"cart",1.83239710330963,19
4,2,6,3,5,1,"cart",1.3291152715683,10
4,3,1,5,6,2,"cart",1.42564904689789,16
3,2,5,1,4,6,"cart",1.94271957874298,6
1,6,2,3,5,4,"cart",1.53014326095581,13
3,2,1,6,5,4,"cart",1.53097379207611,3
3,6,1,4,5,2,"cart",1.44919729232788,5
5,3,4,2,1,6,"cart",1.28447473049164,10
5,3,6,2,1,4,"cart",1.49162101745605,6
5,1,6,2,3,4,"cart",1.52534437179565,20
1,3,5,6,4,2,"cart",1.39371931552887,5
1,3,2,4,5,6,"cart",1.31594252586365,10
1,2,6,4,5,3,"cart",1.90928113460541,14
4,6,5,1,3,2,"cart",1.60948932170868,6
2,1,5,3,4,6,"cart",1.64326274394989,13
3,4,2,6,5,1,"cart",1.36453998088837,5
5,4,1,6,2,3,"cart",1.50162768363953,12
1,2,4,5,3,6,"cart",1.73760724067688,20
4,2,1,3,6,5,"cart",1.60197818279266,11
5,6,3,1,4,2,"cart",1.43749678134918,17
6,5,1,4,3,2,"cart",1.4481965303421,16
5,1,3,4,6,2,"cart",1.41794216632843,5
3,1,2,5,6,4,"cart",1.64585435390472,9
2,4,3,6,5,1,"cart",1.37112700939178,7
1,3,5,4,6,2,"cart",1.69289124011993,7
3,6,1,4,2,5,"cart",1.31240367889404,6
4,5,2,3,6,1,"cart",1.7466756105423,13
3,1,2,6,4,5,"cart",1.66943979263306,4
3,5,2,6,1,4,"cart",1.58077132701874,8
1,4,3,2,5,6,"cart",1.53599429130554,8
4,5,2,1,6,3,"cart",1.25417160987854,13
2,3,1,4,6,5,"cart",1.76660168170929,14
1,6,3,4,5,2,"cart",1.40696227550507,20
2,6,5,3,4,1,"cart",1.63093221187592,15
6,1,3,5,2,4,"cart",1.35713362693787,12
3,6,1,2,4,5,"cart",1.70130348205566,5
5,6,3,2,1,4,"cart",1.42052710056305,23
6,1,2,3,5,4,"cart",1.76549899578094,16
5,3,2,6,1,4,"cart",1.86081910133362,13
6,3,5,2,1,4,"cart",1.33081257343292,12
3,5,4,2,1,6,"cart",1.4088351726532,6
1,2,3,4,5,6,"cart",1.75909078121185,11
3,1,4,2,6,5,"cart",1.55579435825348,6
1,4,6,5,3,2,"cart",1.37950086593628,18
4,2,3,1,6,5,"cart",1.44387626647949,10
6,3,1,2,5,4,"cart",1.47050964832306,9
2,3,1,6,4,5,"cart",1.33935010433197,9
4,3,5,2,6,1,"cart",1.47909927368164,11
2,1,5,4,6,3,"cart",1.61994743347168,9
5,6,1,4,3,2,"cart",1.99075961112976,9
1,3,6,5,2,4,"cart",1.57901275157928,5
5,6,3,4,2,1,"cart",1.33230793476105,16
2,3,5,1,4,6,"cart",1.53595948219299,7
3,6,5,1,4,2,"cart",1.50887262821198,7
3,6,4,2,5,1,"cart",1.57253229618073,6
3,4,2,5,1,6,"cart",1.3980952501297,9
2,4,5,3,1,6,"cart",1.81468081474304,13
3,2,4,1,6,5,"cart",1.62404561042786,7
1,6,3,2,4,5,"cart",1.62607300281525,11
5,3,6,4,1,2,"cart",1.44766414165497,10
3,4,5,2,1,6,"cart",1.35350966453552,7
6,3,4,5,2,1,"cart",1.6959480047226,7
1,6,2,4,5,3,"cart",1.70115745067596,18
6,3,4,5,1,2,"cart",1.79025781154633,11
1,3,2,5,4,6,"cart",1.34253072738647,7
2,1,5,4,6,3,"cart",1.51928055286407,10
5,3,6,4,2,1,"cart",1.43946397304535,8
6,4,3,1,2,5,"cart",1.57012665271759,8
1,3,6,5,4,2,"cart",1.92233633995056,5
1,2,6,3,5,4,"cart",1.48886132240295,12
2,5,3,6,4,1,"cart",1.79862809181213,17
2,5,4,1,3,6,"cart",1.51571655273438,10
4,6,1,2,5,3,"cart",1.84611082077026,10
2,3,5,4,1,6,"cart",1.63566756248474,6
6,4,2,3,1,5,"cart",1.57133114337921,10
6,5,1,3,2,4,"cart",1.4208722114563,11
2,5,6,3,1,4,"cart",1.45869755744934,13
4,1,5,6,2,3,"cart",1.52491748332977,14
5,6,2,1,3,4,"cart",1.54935014247894,10
3,5,4,2,1,6,"cart",1.30070638656616,4
6,2,4,5,3,1,"cart",1.35905301570892,15
2,3,5,4,6,1,"cart",1.69050681591034,8
5,4,2,1,3,6,"cart",1.35003089904785,18
3,5,6,2,1,4,"cart",1.55629622936249,6
2,5,6,1,3,4,"cart",1.40930104255676,11
1,4,5,6,3,2,"cart",1.4591064453125,15
6,5,3,1,2,4,"cart",1.46266186237335,12
4,5,6,3,2,1,"cart",1.9679673910141,16
6,3,4,2,5,1,"cart",1.70829081535339,10
4,5,1,3,2,6,"cart",1.76058971881866,17
1,3,2,5,6,4,"cart",1.8424996137619,7
4,2,6,1,3,5,"cart",1.5724401473999,9
1,4,2,5,6,3,"cart",1.36406552791595,10
6,5,3,2,1,4,"cart",1.7880562543869,14
5,2,1,3,6,4,"cart",1.96996569633484,12
5,3,2,1,4,6,"cart",1.74437212944031,6
1,4,5,2,3,6,"cart",1.43027186393738,13
2,4,6,1,5,3,"cart",2.18333172798157,14
4,2,3,5,6,1,"cart",1.48628759384155,13
6,2,5,3,4,1,"cart",1.31007409095764,21
1,5,4,3,6,2,"cart",1.3776148557663,14
5,2,1,4,6,3,"cart",1.35852813720703,10
6,5,1,2,4,3,"cart",1.60220694541931,15
5,3,4,2,6,1,"cart",1.44292175769806,8
4,6,2,1,3,5,"cart",1.50561809539795,12
3,4,6,1,2,5,"cart",1.42315316200256,2
1,5,2,3,6,4,"cart",1.83745741844177,8
1,4,5,2,3,6,"cart",1.40931630134583,8
5,2,6,1,4,3,"cart",1.86615467071533,15
6,1,3,4,5,2,"cart",1.54271018505096,16
3,2,1,5,4,6,"cart",1.67083621025085,4
2,5,1,4,6,3,"cart",1.2258927822113,14
5,3,2,1,4,6,"cart",1.44282615184784,8
1,3,5,2,6,4,"cart",1.67628705501556,3
5,4,2,6,3,1,"cart",1.41948044300079,11
2,3,4,5,1,6,"cart",1.45977687835693,10
3,5,1,4,2,6,"cart",1.60855877399445,7
5,3,1,2,6,4,"cart",1.61394691467285,10
4,6,5,3,1,2,"cart",1.77788436412811,12
1,5,6,4,2,3,"cart",1.56822514533997,8
1,6,4,3,2,5,"cart",1.34315073490143,15
4,2,1,6,3,5,"cart",1.51695466041565,14
5,2,4,1,3,6,"cart",1.32970309257507,18
5,3,1,4,2,6,"cart",1.32497990131378,3
3,1,6,4,5,2,"cart",1.50735938549042,7
4,5,3,6,2,1,"cart",1.2601078748703,14
4,5,3,6,1,2,"cart",1.71079444885254,12
1,6,5,2,4,3,"cart",1.80209577083588,17
3,5,2,6,4,1,"cart",1.58760511875153,7
5,2,6,3,1,4,"cart",1.49786102771759,14
5,4,1,2,6,3,"cart",1.70878410339355,12
2,5,6,3,1,4,"cart",1.45307898521423,22
5,4,6,1,3,2,"cart",1.59914457798004,13
1,2,4,6,3,5,"cart",1.41407120227814,12
5,1,2,6,3,4,"cart",1.82952105998993,10
3,4,1,2,6,5,"cart",1.63458395004272,7
2,4,1,3,5,6,"cart",1.74299907684326,6
4,3,5,2,1,6,"cart",1.3397536277771,11
3,4,1,6,2,5,"cart",1.30620884895325,10
1,4,5,2,6,3,"cart",1.27112817764282,16
5,1,6,2,4,3,"cart",1.76925039291382,18
4,3,5,1,6,2,"cart",1.43989324569702,10
1,6,5,2,3,4,"cart",1.51608288288116,18
1,3,4,5,2,6,"cart",1.31458055973053,7
2,3,6,4,1,5,"cart",1.54507946968079,4
5,2,3,6,1,4,"cart",1.69339966773987,14
5,6,3,4,2,1,"cart",1.49569618701935,20
6,4,1,2,3,5,"cart",1.62936866283417,12
4,3,2,6,1,5,"cart",1.67635762691498,6
6,5,2,3,4,1,"cart",1.66156673431396,12
6,2,5,1,3,4,"cart",1.66872012615204,14
6,5,4,1,2,3,"cart",1.37040412425995,11
3,1,6,4,2,5,"cart",1.60573291778564,3
4,6,2,1,3,5,"cart",1.60304975509644,11
2,5,4,3,6,1,"cart",1.42623269557953,13
2,6,1,5,4,3,"cart",1.40605211257935,13
6,2,5,3,1,4,"cart",1.44466161727905,14
3,1,2,6,4,5,"cart",1.55284070968628,6
6,3,5,2,1,4,"cart",1.50339901447296,12
2,3,4,6,1,5,"cart",1.28298544883728,7
2,5,1,3,4,6,"cart",1.3291529417038,10
2,3,5,1,6,4,"cart",1.72570633888245,9
3,1,5,2,4,6,"cart",1.25532114505768,7
5,3,6,2,4,1,"cart",1.59460341930389,11
1,4,3,5,6,2,"cart",1.58275485038757,13
6,5,3,4,2,1,"cart",1.58012926578522,19
6,1,5,4,2,3,"cart",1.3995589017868,19
2,4,1,6,3,5,"cart",1.8024183511734,15
5,6,3,1,4,2,"cart",1.638667345047,15
2,6,1,5,4,3,"cart",1.65951645374298,5
3,4,2,1,5,6,"cart",1.72796952724457,9
3,1,4,6,5,2,"cart",1.60483133792877,6
2,4,3,5,6,1,"cart",1.34624195098877,15
6,2,3,5,4,1,"cart",1.52142131328583,23
5,2,4,6,3,1,"cart",1.65051555633545,10
6,3,2,5,4,1,"cart",1.80823445320129,11
2,6,3,4,5,1,"cart",1.28372037410736,21
6,3,4,2,1,5,"cart",1.81493008136749,7
6,1,5,4,3,2,"cart",1.47168111801147,14
4,1,2,6,5,3,"cart",2.02019286155701,5
3,1,4,5,2,6,"cart",1.4618136882782,5
1,5,3,4,2,6,"cart",1.69572710990906,11
6,5,4,2,3,1,"cart",1.49591732025146,17
2,4,6,5,3,1,"cart",1.34903252124786,9
4,6,1,3,5,2,"cart",1.70172727108002,12
5,1,3,2,4,6,"cart",1.51524233818054,17
6,5,1,4,2,3,"cart",1.49907457828522,7
4,1,3,2,5,6,"cart",1.6940803527832,5
6,3,2,4,5,1,"cart",1.59575068950653,6
6,4,2,1,5,3,"cart",1.36687862873077,15
5,1,4,6,2,3,"cart",1.36427128314972,15
2,5,3,4,6,1,"cart",1.52962362766266,7
5,6,1,3,2,4,"cart",1.85708868503571,13
6,5,4,2,3,1,"cart",1.3976001739502,13
1,6,3,2,5,4,"cart",1.59655833244324,17
4,6,2,3,1,5,"cart",1.45979583263397,13
6,4,5,2,3,1,"cart",1.60073292255402,13
5,6,1,4,3,2,"cart",1.32337832450867,15
5,1,2,3,6,4,"cart",1.73320364952087,12
4,3,1,6,5,2,"cart",1.89142501354218,15
4,6,5,3,1,2,"cart",1.35087907314301,15
2,4,5,6,1,3,"cart",1.38526904582977,7
1,5,4,3,2,6,"cart",1.3120049238205,11
5,3,6,2,4,1,"cart",1.58501553535461,8
6,4,1,5,3,2,"cart",1.6242949962616,18
3,6,2,1,5,4,"cart",1.43933439254761,9
3,6,2,4,1,5,"cart",1.86135303974152,1
5,4,3,1,2,6,"cart",1.47190964221954,18
4,5,1,6,2,3,"cart",2.05534553527832,12
6,5,1,3,4,2,"cart",1.40455365180969,11
1,5,2,6,4,3,"cart",1.49259316921234,10
1,3,5,2,6,4,"cart",1.47964251041412,6
2,3,4,6,5,1,"cart",1.29988765716553,8
6,1,5,2,3,4,"cart",1.49070370197296,11
1,5,4,6,3,2,"cart",1.38009631633759,17
1,2,3,4,5,6,"cart",1.48375082015991,5
2,5,4,6,1,3,"cart",1.24268567562103,15
4,1,6,3,2,5,"cart",1.53319191932678,17
5,1,6,4,3,2,"cart",1.3071551322937,10
5,2,1,3,4,6,"cart",1.62460947036743,13
3,4,6,1,2,5,"cart",1.55855977535248,3
6,5,2,3,4,1,"cart",1.60838294029236,12
3,4,2,1,6,5,"cart",1.30178642272949,4
3,1,6,4,5,2,"cart",1.31457090377808,5
5,1,2,3,4,6,"cart",1.62572717666626,16
5,2,1,4,6,3,"cart",1.4319589138031,15
2,1,4,3,5,6,"cart",1.39590084552765,12
3,4,5,1,6,2,"cart",1.66754722595215,6
6,5,3,2,1,4,"cart",1.65065896511078,15
6,5,3,1,2,4,"cart",1.51689016819,20
2,5,6,3,4,1,"cart",1.74731361865997,7
4,1,3,2,6,5,"cart",1.5921049118042,19
1,6,3,4,2,5,"cart",1.8477600812912,10
5,1,2,3,4,6,"cart",1.43825006484985,19
4,3,6,2,1,5,"cart",1.39081811904907,16
3,5,2,1,4,6,"cart",1.36479520797729,8
3,1,5,4,2,6,"cart",1.35534405708313,6
6,1,3,2,5,4,"cart",1.45735096931458,15
4,5,6,1,3,2,"cart",1.79871141910553,15
6,1,2,4,5,3,"cart",1.40982687473297,10
5,1,4,2,3,6,"cart",1.64479756355286,23
3,2,5,6,1,4,"cart",1.76615524291992,2
2,6,1,5,3,4,"cart",1.43624639511108,16
3,4,6,1,5,2,"cart",1.38714301586151,6
5,1,6,2,4,3,"cart",1.50130784511566,8
5,2,6,3,4,1,"cart",1.5090628862381,16
4,5,1,2,3,6,"cart",1.46083986759186,4
5,4,3,2,6,1,"cart",1.35310137271881,12
1,3,6,4,5,2,"cart",1.43950617313385,3
6,2,5,1,3,4,"cart",1.38343608379364,14
4,3,2,5,6,1,"cart",1.3500679731369,7
1,6,4,5,2,3,"cart",1.58625185489655,8
4,3,5,1,2,6,"cart",1.58963203430176,9
2,4,3,5,1,6,"cart",1.31602668762207,13
1,4,5,2,6,3,"cart",1.47928142547607,11
2,5,1,6,4,3,"cart",1.53930950164795,10
2,4,3,1,6,5,"cart",1.44395112991333,15
2,6,1,4,5,3,"cart",1.62991285324097,19
6,3,4,5,1,2,"cart",1.71596240997314,10
1,6,5,3,4,2,"cart",1.90852355957031,22
5,2,6,3,4,1,"cart",1.73317217826843,12
3,1,6,5,4,2,"cart",1.30709457397461,5
3,5,2,4,1,6,"cart",1.72641265392303,4
5,6,3,2,1,4,"cart",1.69423115253448,18
4,2,6,1,3,5,"cart",1.50642597675323,10
4,6,1,2,5,3,"cart",1.90538144111633,9
3,6,4,2,1,5,"cart",1.38130903244019,14
6,1,3,5,2,4,"cart",1.64502966403961,10
6,2,3,5,1,4,"cart",1.72808301448822,12
5,2,1,6,4,3,"cart",1.77643942832947,15
1,6,5,4,2,3,"cart",1.39012098312378,11
2,6,5,4,1,3,"cart",1.41330099105835,14
6,5,2,4,3,1,"cart",1.63759922981262,21
3,5,4,6,1,2,"cart",1.56762683391571,6
1,6,4,5,2,3,"cart",1.7448798418045,17
4,6,3,5,1,2,"cart",1.51914012432098,19
2,6,4,1,5,3,"cart",1.56087350845337,13
4,3,2,5,1,6,"cart",1.43719696998596,11
5,3,6,2,1,4,"cart",1.63245236873627,8
1,2,4,3,6,5,"cart",1.44467091560364,10
1,2,4,6,3,5,"cart",1.49255454540253,7
3,4,5,6,1,2,"cart",1.78140795230865,7
4,2,3,5,1,6,"cart",1.71583473682404,7
2,5,1,3,6,4,"cart",1.76887965202332,16
1,3,2,6,5,4,"cart",1.57704091072083,6
3,6,1,2,4,5,"cart",1.37117195129395,9
6,2,1,5,4,3,"cart",1.7384546995163,8
5,6,1,4,3,2,"cart",1.77328181266785,12
5,1,2,3,6,4,"cart",1.62593805789948,16
1,3,4,5,2,6,"cart",1.34128224849701,6
3,1,2,6,5,4,"cart",1.55389535427094,4
1,5,3,4,2,6,"cart",1.55466115474701,7
4,2,5,1,3,6,"cart",1.35921359062195,12
5,6,2,4,1,3,"cart",1.42800903320312,7
5,6,1,2,4,3,"cart",1.47434782981873,12
3,2,5,1,6,4,"cart",1.73430287837982,4
6,2,3,4,5,1,"cart",1.45332729816437,18
2,3,5,6,4,1,"cart",1.40664994716644,9
3,1,5,4,6,2,"cart",1.98271346092224,4
6,2,4,5,1,3,"cart",1.3831707239151,14
3,4,5,1,2,6,"cart",1.41219115257263,3
2,3,5,4,1,6,"cart",1.80383670330048,4
3,1,6,5,4,2,"cart",1.43930101394653,4
5,4,1,6,3,2,"cart",1.48602902889252,20
1,6,5,3,4,2,"cart",1.72109234333038,14
4,1,2,5,6,3,"cart",1.26990044116974,17
5,1,4,2,6,3,"cart",1.32633423805237,12
1,4,6,5,3,2,"cart",1.55233955383301,8
1,3,6,2,4,5,"cart",1.49526309967041,6
6,2,3,5,4,1,"cart",1.36994552612305,20
6,2,5,1,4,3,"cart",1.27743029594421,18
5,4,1,3,2,6,"cart",1.20806264877319,16
4,3,2,1,6,5,"cart",1.591104388237,17
4,5,6,2,3,1,"cart",1.61605262756348,12
5,4,2,3,6,1,"cart",1.31596148014069,14
6,5,4,3,1,2,"cart",1.57855999469757,14
4,2,6,5,1,3,"cart",1.65926277637482,7
6,4,3,2,1,5,"cart",1.47478878498077,20
3,4,1,6,5,2,"cart",1.62227630615234,6
5,1,2,4,6,3,"cart",1.2634083032608,7
5,4,3,1,2,6,"cart",1.44917833805084,15
3,6,2,4,5,1,"cart",1.79216647148132,8
5,2,4,1,6,3,"cart",1.81894958019257,17
1,3,2,5,6,4,"cart",1.63195741176605,8
6,5,2,4,1,3,"cart",1.36549615859985,20
6,1,4,2,5,3,"cart",1.38194537162781,20
4,6,2,1,3,5,"cart",1.44641482830048,11
2,6,3,5,1,4,"cart",1.41064929962158,8
4,5,1,2,6,3,"cart",1.50909769535065,12
3,4,5,1,2,6,"cart",1.28875970840454,3
1,3,4,6,5,2,"cart",2.06918716430664,5
5,2,1,3,6,4,"cart",1.37735950946808,11
6,2,4,3,1,5,"cart",1.91956698894501,11
1,4,6,5,2,3,"cart",1.31074392795563,9
1,4,6,2,5,3,"cart",1.54099345207214,8
3,1,4,5,6,2,"cart",1.58834314346313,3
4,1,2,3,6,5,"cart",1.37660229206085,9
5,1,3,2,6,4,"cart",1.57582342624664,9
5,1,3,6,4,2,"cart",1.65731465816498,18
6,3,4,1,5,2,"cart",1.46182930469513,10
5,3,4,6,1,2,"cart",1.47068238258362,12
4,3,1,6,5,2,"cart",1.58423209190369,9
2,6,3,5,1,4,"cart",1.3866411447525,12
4,1,3,5,6,2,"cart",1.4041895866394,13
2,1,3,4,6,5,"cart",1.70677673816681,12
2,4,6,3,1,5,"cart",1.40348839759827,13
4,5,3,2,1,6,"cart",1.42443001270294,9
2,1,3,4,6,5,"cart",1.5259416103363,8
4,5,2,6,3,1,"cart",1.66925954818726,10
5,1,3,6,2,4,"cart",1.79115533828735,17
3,4,5,2,6,1,"cart",1.53702771663666,11
4,1,6,5,3,2,"cart",1.83684694766998,15
2,1,3,5,4,6,"cart",1.4330906867981,7
6,4,5,3,1,2,"cart",1.45279562473297,13
2,5,4,3,1,6,"cart",1.300008893013,20
6,3,2,5,1,4,"cart",1.47426152229309,9
4,2,1,5,3,6,"cart",1.65976238250732,12
1,6,4,2,5,3,"cart",1.32154107093811,6
1,2,4,3,5,6,"cart",1.4106547832489,16
5,3,4,1,2,6,"cart",2.05877041816711,5
5,6,4,2,3,1,"cart",1.61087357997894,11
4,5,6,2,1,3,"cart",1.28875267505646,15
6,3,2,4,1,5,"cart",1.34004068374634,21
6,2,1,5,4,3,"cart",1.52722597122192,8
1,3,2,4,6,5,"cart",1.60014581680298,1
3,2,4,6,5,1,"cart",1.37763333320618,6
2,5,1,4,3,6,"cart",1.64164853096008,11
3,4,1,5,6,2,"cart",1.3707013130188,5
2,4,3,5,6,1,"cart",1.50416374206543,13
5,6,3,1,2,4,"cart",1.65096545219421,11
3,5,1,6,4,2,"cart",1.44989025592804,3
5,6,1,2,3,4,"cart",1.43945300579071,9
5,6,3,1,4,2,"cart",1.64660704135895,7
1,6,4,2,3,5,"cart",1.83755648136139,10
3,5,1,4,2,6,"cart",1.53239941596985,1
3,5,4,2,6,1,"cart",1.37743926048279,5
1,6,2,5,4,3,"cart",1.71802353858948,16
1,4,2,5,6,3,"cart",1.33210575580597,16
1,6,5,4,3,2,"cart",1.77239191532135,13
1,6,4,2,5,3,"cart",1.31413567066193,11
5,3,4,6,2,1,"cart",1.71132612228394,11
1,6,3,2,5,4,"cart",1.80710828304291,12
3,2,4,6,1,5,"cart",1.36253583431244,6
3,1,6,5,4,2,"cart",1.41286504268646,4
1,4,5,6,2,3,"cart",1.81002378463745,13
2,3,1,4,5,6,"cart",1.50219202041626,11
4,3,6,2,1,5,"cart",1.31337416172028,14
5,6,2,3,4,1,"cart",1.46125483512878,22
4,6,3,1,5,2,"cart",1.32723903656006,13
3,2,4,1,5,6,"cart",1.66994404792786,2
1,5,3,2,6,4,"cart",1.50433242321014,12
4,6,2,5,3,1,"cart",1.45103168487549,21
3,4,1,5,2,6,"cart",1.64519989490509,11
2,3,5,6,1,4,"cart",1.42516994476318,9
6,2,3,1,4,5,"cart",1.66603791713715,12
5,6,3,2,1,4,"cart",1.61563527584076,12
3,2,6,4,5,1,"cart",1.5285210609436,6
6,3,5,2,4,1,"cart",1.72746300697327,7
4,2,5,3,6,1,"cart",1.32710671424866,15
6,2,1,4,5,3,"cart",1.32293689250946,10
1,4,3,5,6,2,"cart",1.46465659141541,10
2,1,3,6,5,4,"cart",1.75220382213593,11
2,3,4,5,6,1,"cart",1.65666794776917,7
5,2,3,4,1,6,"cart",1.31944608688354,11
6,5,3,1,4,2,"cart",1.40414762496948,22
1,2,3,6,4,5,"cart",1.38215386867523,14
1,6,4,5,2,3,"cart",1.46559643745422,12
2,6,1,5,4,3,"cart",2.12997817993164,13
4,1,6,5,3,2,"cart",1.48787879943848,11
6,4,1,2,5,3,"cart",1.65707802772522,23
3,6,5,1,4,2,"cart",1.92656016349792,7
5,4,6,3,2,1,"cart",1.32054626941681,16
2,3,6,1,4,5,"cart",1.8712385892868,4
4,2,3,6,1,5,"cart",1.53488171100616,10
5,3,6,4,2,1,"cart",1.71381437778473,8
2,4,5,3,6,1,"cart",1.62884926795959,11
1,5,6,3,4,2,"cart",1.37274765968323,17
4,3,6,1,2,5,"cart",1.66279220581055,16
2,5,1,3,6,4,"cart",1.55140674114227,13
5,3,4,2,1,6,"cart",1.63967621326447,8
6,4,3,5,2,1,"cart",1.56038582324982,17
4,1,2,3,6,5,"cart",1.51466691493988,16
2,5,4,1,3,6,"cart",1.59291100502014,6
6,5,4,1,3,2,"cart",1.50761365890503,15
1,6,4,5,3,2,"cart",1.68526804447174,21
2,6,4,3,5,1,"cart",1.86616027355194,15
5,1,6,2,3,4,"cart",1.65794932842255,7
3,2,1,4,6,5,"cart",1.73672032356262,3
5,2,3,6,4,1,"cart",1.5831755399704,10
4,1,5,6,3,2,"cart",1.51641237735748,13
2,6,5,3,4,1,"cart",1.69991672039032,14
1,6,3,4,2,5,"cart",1.42608201503754,9
1,4,6,2,5,3,"cart",1.32535779476166,12
3,6,2,5,1,4,"cart",1.79596281051636,6
2,6,4,3,5,1,"cart",1.36454951763153,14
2,4,3,5,1,6,"cart",1.53589415550232,12
4,3,2,5,1,6,"cart",1.27524089813232,5
5,6,4,3,1,2,"cart",1.67957639694214,18
1,6,3,5,4,2,"cart",1.42348122596741,7
2,1,6,5,4,3,"cart",1.47718071937561,9
5,3,1,2,6,4,"cart",1.53873443603516,6
5,3,1,2,4,6,"cart",1.47132456302643,6
4,3,5,2,6,1,"cart",1.32754111289978,11
3,1,4,6,5,2,"cart",1.39674258232117,7
4,6,5,3,2,1,"cart",1.51587724685669,17
5,6,1,2,3,4,"cart",1.53547990322113,11
6,5,4,1,2,3,"cart",1.84645116329193,10
3,4,1,5,6,2,"cart",1.42792081832886,4
6,3,2,5,1,4,"cart",1.84234189987183,7
1,4,5,3,6,2,"cart",1.36791682243347,12
6,1,4,3,2,5,"cart",1.66960608959198,21
1,4,5,6,2,3,"cart",1.53257536888123,11
2,4,6,3,1,5,"cart",1.48416674137115,13
3,2,5,6,4,1,"cart",1.89757943153381,4
3,4,5,1,6,2,"cart",1.46007418632507,7
4,3,5,6,1,2,"cart",1.68986141681671,8
5,2,4,3,6,1,"cart",1.25961875915527,7
3,6,1,2,5,4,"cart",1.38971638679504,3
1,4,3,2,6,5,"cart",1.72011744976044,16
6,5,3,4,1,2,"cart",1.46432662010193,21
6,2,1,5,3,4,"cart",1.38285136222839,12
6,3,2,1,4,5,"cart",1.88657736778259,10
1,6,2,5,4,3,"cart",1.75189924240112,10
2,1,4,5,6,3,"cart",1.85053038597107,17
6,4,2,3,5,1,"cart",1.29959058761597,11
1,4,5,6,3,2,"cart",1.59031748771667,11
6,5,1,3,2,4,"cart",1.43411803245544,9
6,2,1,5,3,4,"cart",2.02706933021545,10
3,1,6,4,5,2,"cart",1.4358925819397,6
3,5,4,1,2,6,"cart",1.73073875904083,6
4,3,6,1,5,2,"cart",1.55369019508362,7
6,3,1,2,4,5,"cart",1.25485932826996,3
3,6,4,5,1,2,"cart",1.94179689884186,2
5,4,3,6,2,1,"cart",1.33664643764496,11
2,3,1,4,6,5,"cart",1.54338753223419,7
1,3,2,6,4,5,"cart",1.48735451698303,2
3,1,5,2,6,4,"cart",1.53563284873962,4
5,2,4,6,1,3,"cart",1.30173051357269,15
1,6,2,3,4,5,"cart",1.57861745357513,17
5,3,6,1,4,2,"cart",1.5677136182785,12
2,5,4,3,1,6,"cart",1.46722733974457,17
4,2,5,1,3,6,"cart",1.43593513965607,10
3,1,6,2,4,5,"cart",1.47921562194824,3
1,4,2,6,5,3,"cart",2.00003838539124,8
4,1,5,2,3,6,"cart",1.31605672836304,10
1,2,6,5,3,4,"cart",1.73361849784851,11
3,5,1,4,2,6,"cart",1.28745925426483,6
5,3,6,4,1,2,"cart",1.8563426733017,7
1,5,3,6,4,2,"cart",1.49114370346069,14
4,2,3,5,6,1,"cart",1.37753820419312,12
4,3,2,6,5,1,"cart",1.73171770572662,8
6,5,2,1,3,4,"cart",1.54787015914917,8
5,3,2,6,4,1,"cart",1.59519255161285,9
3,2,5,4,1,6,"cart",1.38851988315582,6
4,6,5,1,2,3,"cart",1.73214244842529,9
3,2,1,5,4,6,"cart",1.29682087898254,10
5,4,1,2,6,3,"cart",1.33594286441803,10
3,5,4,1,2,6,"cart",1.36725234985352,3
2,1,3,6,5,4,"cart",1.66871023178101,12
4,6,5,2,1,3,"cart",1.76872217655182,7
4,1,3,5,6,2,"cart",1.86577272415161,7
5,2,4,6,3,1,"cart",1.41356241703033,17
1,6,2,4,5,3,"cart",1.50220251083374,10
6,3,5,2,4,1,"cart",1.46160435676575,6
3,1,4,5,2,6,"cart",1.52758753299713,8
1,4,2,5,3,6,"cart",1.26758289337158,9
1,4,2,6,3,5,"cart",1.7312148809433,18
3,6,2,5,4,1,"cart",1.59034931659698,6
3,4,5,6,2,1,"cart",1.29115056991577,8
2,4,1,6,3,5,"cart",1.57840085029602,11
1,6,4,2,3,5,"cart",1.85000228881836,15
6,4,3,5,1,2,"cart",1.69306540489197,22
6,1,2,5,3,4,"cart",1.48503279685974,12
1,2,5,3,4,6,"cart",1.87872040271759,18
2,6,1,4,5,3,"cart",1.41671764850616,13
5,6,4,2,3,1,"cart",1.96880328655243,22
6,1,4,2,3,5,"cart",1.4481760263443,10
2,1,5,6,3,4,"cart",1.78315794467926,17
1,5,6,2,3,4,"cart",1.54143476486206,14
2,5,4,1,3,6,"cart",1.51411604881287,15
6,5,2,3,1,4,"cart",1.4667751789093,20
6,2,1,5,3,4,"cart",1.39828670024872,13
4,6,2,5,1,3,"cart",1.55033802986145,11
3,6,2,4,5,1,"cart",1.53336870670319,12
3,1,2,5,4,6,"cart",1.43975222110748,2
